tag,cell,noise_sd,tau_sd_true,sd_naive,sd_corrected,sd_deconv,est_floor,snr
error_floor,ef-0,0.05,1.0803593235676686e-06,0.0,0.0,0.09568037330316052,8.881784197001252e-16,14.142135623730947
error_floor,ef-1,0.05,8.939731737676934e-07,0.0,0.0,0.09568037330316052,8.881784197001252e-16,14.142135623730947
error_floor,ef-2,0.05,9.107870404661199e-07,0.0,0.0,0.09568037330316052,8.881784197001252e-16,14.142135623730947
error_floor,ef-3,0.05,9.807245342387515e-07,0.0,0.0,0.09568037330316052,8.881784197001252e-16,14.142135623730947
error_floor,ef-4,0.05,8.489029033540251e-07,0.0,0.0,0.09568037330316052,8.881784197001252e-16,14.142135623730947
error_floor,ef-5,0.05,1.0697579331427114e-06,0.0,0.0,0.09568037330316052,8.881784197001252e-16,14.142135623730947
error_floor,ef-6,0.05,7.048885520509365e-07,0.0,0.0,0.09568037330316052,8.881784197001252e-16,14.142135623730947
error_floor,ef-7,0.05,8.753174792258804e-07,0.0,0.0,0.09568037330316052,8.881784197001252e-16,14.142135623730947
error_floor,ef-8,0.05,7.289542462050934e-07,0.0,0.0,0.09568037330316052,8.881784197001252e-16,14.142135623730947
error_floor,ef-9,0.05,9.065754468742258e-07,0.0,0.0,0.09568037330316052,8.881784197001252e-16,14.142135623730947
error_floor,ef-10,0.05,8.765355739036047e-07,0.0,0.0,0.09568037330316052,8.881784197001252e-16,14.142135623730947
error_floor,ef-11,0.05,1.044312933214684e-06,0.0,0.0,0.09568037330316052,8.881784197001252e-16,14.142135623730947
error_floor,ef-12,0.05,1.201261658678166e-06,0.0,0.0,0.09568037330316052,8.881784197001252e-16,14.142135623730947
error_floor,ef-13,0.05,7.665531974147124e-07,0.0,0.0,0.09568037330316052,8.881784197001252e-16,14.142135623730947
error_floor,ef-14,0.05,9.924164235295705e-07,0.0,0.0,0.09568037330316052,8.881784197001252e-16,14.142135623730947
error_floor,ef-15,0.05,9.332762447335976e-07,0.0,0.0,0.09568037330316052,8.881784197001252e-16,14.142135623730947
error_floor,ef-16,0.15,9.773846280420648e-07,0.0,0.0,0.09568037330316052,8.881784197001252e-16,4.714045207910317
error_floor,ef-17,0.15,9.600863837958963e-07,0.0,0.0,0.09568037330316052,8.881784197001252e-16,4.714045207910317
error_floor,ef-18,0.15,1.1056630411323124e-06,0.0,0.0,0.09568037330316052,8.881784197001252e-16,4.714045207910317
error_floor,ef-19,0.15,9.530763134890785e-07,0.0,0.0,0.09568037330316052,8.881784197001252e-16,4.714045207910317
error_floor,ef-20,0.15,1.2027339073566733e-06,0.013119743694114375,0.013119743694114375,0.12614250446802355,8.881784197001252e-16,4.714045207910317
error_floor,ef-21,0.15,9.668847731737023e-07,0.0,0.0,0.12571007341945875,8.881784197001252e-16,4.714045207910317
error_floor,ef-22,0.15,8.50133260900207e-07,0.0,0.0,0.09568037330316052,8.881784197001252e-16,4.714045207910317
error_floor,ef-23,0.15,8.530431221964983e-07,0.0,0.0,0.09568037330316052,8.881784197001252e-16,4.714045207910317
error_floor,ef-24,0.15,1.030984388229205e-06,0.0,0.0,0.09568037330316052,8.881784197001252e-16,4.714045207910317
error_floor,ef-25,0.15,1.0685746804930904e-06,0.0,0.0,0.09568037330316052,8.881784197001252e-16,4.714045207910317
error_floor,ef-26,0.15,8.541894720283911e-07,0.0,0.0,0.09568037330316052,8.881784197001252e-16,4.714045207910317
error_floor,ef-27,0.15,1.1723808107867473e-06,0.0,0.0,0.09568037330316052,8.881784197001252e-16,4.714045207910317
error_floor,ef-28,0.15,1.040619845494731e-06,0.0,0.0,0.09568037330316052,8.881784197001252e-16,4.714045207910317
error_floor,ef-29,0.15,1.036836623385742e-06,0.0,0.0,0.09568037330316052,8.881784197001252e-16,4.714045207910317
error_floor,ef-30,0.15,9.292764740153958e-07,0.0,0.0,0.09568037330316052,8.881784197001252e-16,4.714045207910317
error_floor,ef-31,0.15,8.393069201471028e-07,0.0,0.0,0.09568037330316052,8.881784197001252e-16,4.714045207910317
error_floor,ef-32,0.3,8.057979006153784e-07,0.03662940288689652,0.034392238537279164,0.3060500804151725,0.012605042016807124,2.3570226039551585
error_floor,ef-33,0.3,1.0530465823822612e-06,0.0,0.0,0.29016730232234866,0.02521008403361336,2.3570226039551585
error_floor,ef-34,0.3,1.0796125684165751e-06,0.04786044432728801,0.04617071633578975,0.30499520331200347,0.012605042016807122,2.3570226039551585
error_floor,ef-35,0.3,9.957368949412968e-07,0.029635999957281348,0.015580248922470166,0.21397146932104552,0.02521008403361336,2.3570226039551585
error_floor,ef-36,0.3,1.1062209905118891e-06,0.029034191094717,0.014402635715128556,0.23142585695805176,0.02521008403361336,2.3570226039551585
error_floor,ef-37,0.3,1.1016372154190058e-06,0.013119743694114235,0.0,0.26139636091750773,0.02521008403361362,2.3570226039551585
error_floor,ef-38,0.3,9.892473420412444e-07,0.025210084033613352,0.0,0.28130602653163067,0.02521008403361336,2.3570226039551585
error_floor,ef-39,0.3,9.555867023970734e-07,0.03850903945341028,0.029110097606199512,0.2695615370193513,0.02521008403361336,2.3570226039551585
error_floor,ef-40,0.3,8.919363150586354e-07,0.01879048720588062,0.0,0.25063183907972075,0.02521008403361362,2.3570226039551585
error_floor,ef-41,0.3,8.565833869721097e-07,0.029034191094716885,0.014402635715128325,0.23418697381156586,0.02521008403361336,2.3570226039551585
error_floor,ef-42,0.3,9.232252884301652e-07,0.03458419670830735,0.02367526821341284,0.14378142387419424,0.02521008403361362,2.3570226039551585
error_floor,ef-43,0.3,9.012019555819527e-07,0.01879048720588062,0.0,0.19692041083720846,0.02521008403361362,2.3570226039551585
error_floor,ef-44,0.3,9.467939447848322e-07,0.022917462425705283,0.0,0.24942780668351078,0.02521008403361336,2.3570226039551585
error_floor,ef-45,0.3,1.0159302332192043e-06,0.03662940288689652,0.02657376185015467,0.20643953568802104,0.02521008403361336,2.3570226039551585
error_floor,ef-46,0.3,9.025794984784999e-07,0.03227372162970005,0.020150552618961138,0.23384187331802464,0.02521008403361336,2.3570226039551585
error_floor,ef-47,0.3,1.1150753002282535e-06,0.026239487388228545,0.007277524401550132,0.2278245694101296,0.02521008403361336,2.3570226039551585
error_floor,ef-48,0.5,9.011551541806291e-07,0.06900868783889431,0.022135374296517293,0.15824645974189666,0.06536225364840965,1.414213562373095
error_floor,ef-49,0.5,9.506418699425213e-07,0.09310302439563176,0.07216623545091469,0.17449574483253003,0.05882352941176469,1.414213562373095
error_floor,ef-50,0.5,1.0685771080695094e-06,0.09106603698190437,0.06257747587248633,0.1859449439534137,0.06615952391770943,1.414213562373095
error_floor,ef-51,0.5,1.0589491708966494e-06,0.12533057763256011,0.09941444399375163,0.1903833336789014,0.07631855616509264,1.414213562373095
error_floor,ef-52,0.5,9.326876876809988e-07,0.10453659919852712,0.06406567769333063,0.19258431908123372,0.08260441582438421,1.414213562373095
error_floor,ef-53,0.5,8.022179122123461e-07,0.13933814620832297,0.12305646991025276,0.21749790093634064,0.06536225364840967,1.414213562373095
error_floor,ef-54,0.5,9.7167830542095e-07,0.14433247090182913,0.12250095475861093,0.21789750357822932,0.0763241655038305,1.414213562373095
error_floor,ef-55,0.5,9.699530234662603e-07,0.13280235822923625,0.11376348321970728,0.23547951461279312,0.06851522631478182,1.414213562373095
error_floor,ef-56,0.5,1.0372920819638834e-06,0.12909488651880008,0.10067673001396223,0.2363060790973918,0.08080647102180386,1.414213562373095
error_floor,ef-57,0.5,9.268252977954688e-07,0.1015382014587779,0.057925842724936366,0.17145178123613794,0.08339426299266217,1.414213562373095
error_floor,ef-58,0.5,9.704968949756062e-07,0.1265919739090994,0.08525892389791194,0.19848634099807766,0.09357587164420199,1.414213562373095
error_floor,ef-59,0.5,9.370524623541632e-07,0.06454744325940014,0.0,0.15746764381173536,0.07271690698705077,1.414213562373095
error_floor,ef-60,0.5,9.992259269073598e-07,0.0892300864772911,0.029412511268310376,0.2589780213850014,0.08424317487865923,1.414213562373095
error_floor,ef-61,0.5,8.471547821047081e-07,0.09851574863607862,0.023023933714559273,0.1947257302869425,0.09578753157710354,1.414213562373095
error_floor,ef-62,0.5,9.152069176262204e-07,0.11727130871388965,0.08689749961626289,0.22162629838841005,0.07874886924845334,1.414213562373095
error_floor,ef-63,0.5,9.944571256894274e-07,0.11422081696695958,0.07715567093371369,0.20618009298574852,0.08422230981971565,1.414213562373095
error_floor,ef-64,0.8,8.528570768730888e-07,0.2554400698079104,0.19554776600592552,0.6898794203714192,0.16434932453028805,0.8838834764831842
error_floor,ef-65,0.8,9.783942474314814e-07,0.22390464177761363,0.06363377354675054,0.5430562378281534,0.21467191589437673,0.8838834764831842
error_floor,ef-66,0.8,9.210176984384121e-07,0.20453814311236412,0.0,0.5532736027101852,0.23772936885318635,0.8838834764831842
error_floor,ef-67,0.8,8.421617269389074e-07,0.3999273908394474,0.3471488091787663,0.6077387901466826,0.19856893571103373,0.8838834764831842
error_floor,ef-68,0.8,9.776174211552295e-07,0.2407731673152229,0.0,0.5174381555128298,0.27312347302095863,0.8838834764831842
error_floor,ef-69,0.8,1.1127497560632361e-06,0.21497458888166313,0.012541519886186127,0.41593955342967026,0.2146084437849184,0.8838834764831842
error_floor,ef-70,0.8,9.56374246176198e-07,0.23505953191980905,0.14219286561707645,0.5405904652974983,0.18717417694212993,0.8838834764831842
error_floor,ef-71,0.8,1.0842494789152524e-06,0.28235794313296547,0.15643881834145731,0.5288880335230024,0.23505936306858205,0.8838834764831842
error_floor,ef-72,0.8,1.0099094079938254e-06,0.5164436450926656,0.4835396021748673,0.7463846185338776,0.18139319635854645,0.8838834764831842
error_floor,ef-73,0.8,1.0440328021243934e-06,0.1715886342876703,0.0,0.8041750224465476,0.23393013554051995,0.8838834764831842
error_floor,ef-74,0.8,1.0860771089960585e-06,0.3633360694417635,0.28011119833055736,0.5193886373473594,0.23141049225825766,0.8838834764831842
error_floor,ef-75,0.8,9.688819613452462e-07,0.4080392262623452,0.3333656976496912,0.6738192275084904,0.23529411764705893,0.8838834764831842
error_floor,ef-76,0.8,1.0617330239545546e-06,0.4540489019242377,0.4105971917863959,0.6510822985807241,0.19383072882216487,0.8838834764831842
error_floor,ef-77,0.8,9.395306964215199e-07,0.3348122630150993,0.2719676913669973,0.5830602465450039,0.19527628201550168,0.8838834764831842
error_floor,ef-78,0.8,9.532069468335477e-07,0.28693972250278504,0.20009517528077392,0.5294640990452327,0.2056607040232325,0.8838834764831842
error_floor,ef-79,0.8,1.025628144332612e-06,0.2468286242474709,0.15272029537709736,0.6384543129024097,0.19390946631825717,0.8838834764831842
