sigma,noise_sd,n_units,n_t,width,rep,seed,tau_sd_true,tau_sd_hat,sd_corrected,noise_floor,floor_ratio,p_sync,p_near,sep,snr
0.02,0.1,40,120,0.1,0,9500,0.019378059084545388,0.01879048720588062,0.01879048720588062,8.881784197001252e-16,4.726745027782799e-14,0.9991270312797925,0.000872968228552201,0.9982540630512403,10.0
0.02,0.1,40,120,0.1,1,9501,0.022280471182708008,0.026239487388228545,0.026239487388228545,8.881784197001252e-16,3.3848924201872037e-14,0.9981979907681421,0.0018020076073035872,0.9963959831608385,10.0
0.02,0.1,40,120,0.1,2,9502,0.02046664538455242,0.01879048720588062,0.01879048720588062,8.881784197001252e-16,4.726745027782799e-14,0.9985711741030859,0.0014288246097035944,0.9971423494933823,10.0
0.02,0.1,40,120,0.1,3,9503,0.018210547176677836,0.0,0.0,8.881784197001252e-16,8.881784197001251e-07,0.9994069993014998,0.0005930003496016011,0.9988139989518982,10.0
0.02,0.1,40,120,0.1,4,9504,0.016685656168720035,0.0,0.0,8.881784197001252e-16,8.881784197001251e-07,0.9994874694692072,0.0005125301879774818,0.9989749392812297,10.0
0.02,0.1,40,120,0.1,5,9505,0.020703239604117823,0.013119743694114375,0.013119743694114375,8.881784197001252e-16,6.769784840374354e-14,0.9992802077446711,0.0007197914362988608,0.9985604163083722,10.0
0.02,0.1,40,120,0.1,6,9506,0.02219244022686111,0.022917462425705283,0.022917462425705283,8.881784197001252e-16,3.875553074776304e-14,0.9987402340384796,0.001259764590072386,0.9974804694484072,10.0
0.02,0.1,40,120,0.1,7,9507,0.0198545148739057,0.01879048720588062,0.01879048720588062,8.881784197001252e-16,4.726745027782799e-14,0.9985134772680424,0.0014865216351853184,0.997026955632857,10.0
0.02,0.1,40,120,0.1,8,9508,0.01910890400423919,0.01879048720588062,0.01879048720588062,8.881784197001252e-16,4.726745027782799e-14,0.9986788063155517,0.001321192564062003,0.9973576137514897,10.0
0.02,0.1,40,120,0.1,9,9509,0.021745875061215468,0.01879048720588062,0.01879048720588062,8.881784197001252e-16,4.726745027782799e-14,0.9989389126468103,0.0010610862624332359,0.997877826384377,10.0
0.02,0.1,40,120,0.3,0,9510,0.02159497238890964,0.01879048720588062,0.01879048720588062,8.881784197001252e-16,4.726745027782799e-14,0.9989897620619332,0.001010236875833315,0.9979795251860999,10.0
0.02,0.1,40,120,0.3,1,9511,0.0190219423894514,0.0,0.0,8.881784197001252e-16,8.881784197001251e-07,0.999357528167573,0.0006424714682769296,0.998715056699296,10.0
0.02,0.1,40,120,0.3,2,9512,0.02114581441052664,0.01879048720588062,0.01879048720588062,8.881784197001252e-16,4.726745027782799e-14,0.9986693630896036,0.0013306352555657942,0.9973387278340379,10.0
0.02,0.1,40,120,0.3,3,9513,0.020930704843846692,0.01879048720588062,0.01879048720588062,8.881784197001252e-16,4.726745027782799e-14,0.9987322542587016,0.0012677445694326433,0.9974645096892689,10.0
0.02,0.1,40,120,0.3,4,9514,0.0192474721066156,0.013119743694114373,0.013119743694114373,8.881784197001252e-16,6.769784840374356e-14,0.9990754180238722,0.0009245815189693897,0.9981508365049029,10.0
0.02,0.1,40,120,0.3,5,9515,0.018666683095615366,0.018314701443448142,0.018314701443448142,8.881784197001252e-16,4.849538074331319e-14,0.9990057815509269,0.0009942172602693032,0.9980115642906576,10.0
0.02,0.1,40,120,0.3,6,9516,0.018978624935239007,0.013119743694114373,0.013119743694114373,8.881784197001252e-16,6.769784840374356e-14,0.9993122103419503,0.0006877890697459249,0.9986244212722044,10.0
0.02,0.1,40,120,0.3,7,9517,0.01884584300725568,0.013119743694114373,0.013119743694114373,8.881784197001252e-16,6.769784840374356e-14,0.9991418663181296,0.0008581326164759916,0.9982837337016537,10.0
0.02,0.1,40,120,0.3,8,9518,0.016389831335234528,0.013119743694114235,0.013119743694114235,8.881784197001252e-16,6.769784840374426e-14,0.9992338235884359,0.0007661759201423883,0.9984676476682935,10.0
0.02,0.1,40,120,0.3,9,9519,0.021760262034395884,0.026239487388228545,0.026239487388228545,8.881784197001252e-16,3.3848924201872037e-14,0.9983244867804474,0.0016755104724661947,0.9966489763079812,10.0
0.02,0.1,100,240,0.1,0,9520,0.019332131632188953,0.022124358270129117,0.022124358270129117,8.881784197001252e-16,4.014482177769136e-14,0.9935680498923665,0.00643193734963488,0.9871361125427316,10.0
0.02,0.1,100,240,0.1,1,9521,0.01896334572121296,0.021318391971308553,0.021318391971308553,8.881784197001252e-16,4.166254288294745e-14,0.9932806437057112,0.006719344537149066,0.9865612991685622,10.0
0.02,0.1,100,240,0.1,2,9522,0.020028752856869777,0.02439728826295082,0.02439728826295082,8.881784197001252e-16,3.6404800817511067e-14,0.9917942317181138,0.008205748410836275,0.9835884833072774,10.0
0.02,0.1,100,240,0.1,3,9523,0.02072220162022956,0.023292327463960892,0.023292327463960892,8.881784197001252e-16,3.813180203113499e-14,0.9919768000542228,0.008023183056969214,0.9839536169972536,10.0
0.02,0.1,100,240,0.1,4,9524,0.019682969112526254,0.02365404857757727,0.02365404857757727,8.881784197001252e-16,3.7548685029000457e-14,0.9915981928142681,0.008401784774044704,0.9831964080402233,10.0
0.02,0.1,100,240,0.1,5,9525,0.02016337365586196,0.024339815183680055,0.024339815183680055,8.881784197001252e-16,3.6490762686466595e-14,0.9922667689437,0.007733203194320349,0.9845335657493797,10.0
0.02,0.1,100,240,0.1,6,9526,0.02135323565588017,0.0243829326934449,0.0243829326934449,8.881784197001252e-16,3.6426234319996414e-14,0.991798852917323,0.00820113031695736,0.9835977226003656,10.0
0.02,0.1,100,240,0.1,7,9527,0.018774033867992593,0.02173719700060318,0.02173719700060318,8.881784197001252e-16,4.085984129763738e-14,0.9937478123739133,0.006252177546767447,0.9874956348271459,10.0
0.02,0.1,100,240,0.1,8,9528,0.02076792033886717,0.02173719700060318,0.02173719700060318,8.881784197001252e-16,4.085984129763738e-14,0.993141508918749,0.006858478628884967,0.986283030289864,10.0
0.02,0.1,100,240,0.1,9,9529,0.017829293819514893,0.021997388164175357,0.021997388164175357,8.881784197001252e-16,4.037653984515309e-14,0.9932459289916606,0.006754059328054684,0.9864918696636059,10.0
0.02,0.1,100,240,0.3,0,9530,0.01885078892274516,0.021334809680304313,0.021334809680304313,8.881784197001252e-16,4.1630482437350554e-14,0.9938251736402985,0.006174816117801903,0.9876503575224966,10.0
0.02,0.1,100,240,0.3,1,9531,0.017344334946118846,0.020578799376331055,0.020578799376331055,8.881784197001252e-16,4.3159875532956213e-14,0.9947594624094251,0.005240531406170595,0.9895189310032545,10.0
0.02,0.1,100,240,0.3,2,9532,0.020252852456945112,0.024382932693444877,0.024382932693444877,8.881784197001252e-16,3.6426234319996446e-14,0.9924252450835177,0.007574725302149175,0.9848505197813685,10.0
0.02,0.1,100,240,0.3,3,9533,0.019140670314978906,0.021640335633448755,0.021640335633448755,8.881784197001252e-16,4.104272848371617e-14,0.9933960503736973,0.006603943738292459,0.9867921066354048,10.0
0.02,0.1,100,240,0.3,4,9534,0.019699051520577434,0.02215598710439094,0.02215598710439094,8.881784197001252e-16,4.008751293794098e-14,0.9946945022721742,0.005305484833353157,0.989389017438821,10.0
0.02,0.1,100,240,0.3,5,9535,0.019759354323173585,0.02311123762283068,0.02311123762283068,8.881784197001252e-16,3.84305866347343e-14,0.9928546767267826,0.0071453033614733135,0.9857093733653093,10.0
0.02,0.1,100,240,0.3,6,9536,0.019706488109430154,0.022528185148069726,0.022528185148069726,8.881784197001252e-16,3.9425209525864834e-14,0.9936237195491507,0.006376265199489392,0.9872474543496613,10.0
0.02,0.1,100,240,0.3,7,9537,0.018221427141587282,0.021318391971308553,0.021318391971308553,8.881784197001252e-16,4.166254288294745e-14,0.9939987676217629,0.006001222518710324,0.9879975451030526,10.0
0.02,0.1,100,240,0.3,8,9538,0.018081322434945944,0.02092050209204999,0.02092050209204999,8.881784197001252e-16,4.245492846166643e-14,0.9950512591066522,0.0049487309166890295,0.9901025281899631,10.0
0.02,0.1,100,240,0.3,9,9539,0.01894841688830851,0.02313016729888721,0.02313016729888721,8.881784197001252e-16,3.8399135130460356e-14,0.9935083180602454,0.006491665871095145,0.9870166521891502,10.0
0.02,0.3,40,120,0.1,0,9540,0.014307582773240245,0.013119743694114373,0.0,0.02521008403361362,1.9215378456610455,0.21410666377865398,0.7858859114542802,-0.5717792476756263,3.3333333333333335
0.02,0.3,40,120,0.1,1,9541,0.022106072214138073,0.02213372637153952,0.0,0.02521008403361336,1.138989594902987,0.9899105441212334,0.010089445733402985,0.9798210983878304,3.3333333333333335
0.02,0.3,40,120,0.1,2,9542,0.01795778565900638,0.029635999957281292,0.015580248922469642,0.02521008403361362,0.8506574460100084,0.9885929802220117,0.01140701520357246,0.9771859650184392,3.3333333333333335
0.02,0.3,40,120,0.1,3,9543,0.019504285814369453,0.025210084033613352,0.0,0.02521008403361362,1.0000000000000107,0.9689685690368441,0.031031415868790733,0.9379371531680534,3.3333333333333335
0.02,0.3,40,120,0.1,4,9544,0.019589604425543895,0.029635999957281348,0.015580248922470166,0.02521008403361336,0.8506574460099979,0.9898351447127618,0.010164851871798034,0.9796702928409637,3.3333333333333335
0.02,0.3,40,120,0.1,5,9545,0.014578549768722736,0.026573761850154493,0.008403361344537818,0.02521008403361349,0.9486832980505139,0.9771822084872166,0.022817779813498605,0.954364428673718,3.3333333333333335
0.02,0.3,40,120,0.1,6,9546,0.02077736156549012,0.062884998097041,0.05761054286051298,0.02521008403361336,0.40089186286863543,0.9948924354185488,0.005107561814394082,0.9897848736041547,3.3333333333333335
0.02,0.3,40,120,0.1,7,9547,0.01719938979614845,0.03227372162970009,0.0201505526189612,0.02521008403361336,0.7811334658849393,0.9932686811569581,0.006731317111291395,0.9865373640456667,3.3333333333333335
0.02,0.3,40,120,0.1,8,9548,0.01928184001758678,0.03254607853955818,0.02058394741834623,0.02521008403361336,0.7745966692414794,0.9913952814417384,0.00860471610729312,0.9827905653344453,3.3333333333333335
0.02,0.3,40,120,0.1,9,9549,0.017559991808641297,0.0345841967083075,0.023675268213413342,0.02521008403361336,0.72894808707694,0.9906585701460766,0.009341428043555387,0.9813171421025212,3.3333333333333335
0.02,0.3,40,120,0.3,0,9550,0.024711316368110824,0.03758097441176119,0.027870796557608504,0.02521008403361336,0.6708203932499343,0.9969383948706969,0.003061604368179506,0.9938767905025174,3.3333333333333335
0.02,0.3,40,120,0.3,1,9551,0.019239976830038197,0.039805242272051296,0.03080436617356127,0.025210084033613488,0.6333357767631125,0.9930096068437302,0.006990392194329369,0.9860192146494008,3.3333333333333335
0.02,0.3,40,120,0.3,2,9552,0.01885799200223528,0.05163111650186764,0.045058005440183235,0.02521008403361336,0.48827307526269437,0.9958933511353688,0.0041066478580462275,0.9917867032773225,3.3333333333333335
0.02,0.3,40,120,0.3,3,9553,0.01798219898130638,0.03144249904852067,0.018790487205880613,0.02521008403361362,0.8017837257372747,0.9815023550334421,0.018497639765125928,0.9630047152683161,3.3333333333333335
0.02,0.3,40,120,0.3,4,9554,0.017475631779621886,0.052772507088573464,0.0463615052325923,0.025210084033613488,0.47771245719482003,0.9971518640107044,0.0028481352974172383,0.9943037287132872,3.3333333333333335
0.02,0.3,40,120,0.3,5,9555,0.020728217044633457,0.035090951866575806,0.024409558904668466,0.02521008403361362,0.7184212081071037,0.9926705277476784,0.007329471053299164,0.9853410566943792,3.3333333333333335
0.02,0.3,40,120,0.3,6,9556,0.016973021277500173,0.04953708454853616,0.04264240153400095,0.025210084033613488,0.508913357807983,0.9983113196253556,0.0016886799113357653,0.9966226397140198,3.3333333333333335
0.02,0.3,40,120,0.3,7,9557,0.02029244596430086,0.018314701443448142,0.0,0.02521008403361362,1.376494403223385,0.8384161974794272,0.1615835120200995,0.6768326854593277,3.3333333333333335
0.02,0.3,40,120,0.3,8,9558,0.021959866976531017,0.029635999957281296,0.015580248922470065,0.02521008403361336,0.8506574460099995,0.9892168965307618,0.010783100051288994,0.9784337964794728,3.3333333333333335
0.02,0.3,40,120,0.3,9,9559,0.022415390108487497,0.03935923108234281,0.03022582892844153,0.02521008403361336,0.640512615220347,0.9963846539303809,0.0036153452698728175,0.992769308660508,3.3333333333333335
0.02,0.3,100,240,0.1,0,9560,0.020058906165548566,0.033080864354212335,0.0306069162056511,0.012552301255229992,0.3794429649971238,0.9991208532462338,0.0008791465887553464,0.9982417066574785,3.3333333333333335
0.02,0.3,100,240,0.1,1,9561,0.020393908520641355,0.029479355571227512,0.02667343506361365,0.012552301255229992,0.4257997168527425,0.9991475132028097,0.0008524867032920134,0.9982950264995177,3.3333333333333335
0.02,0.3,100,240,0.1,2,9562,0.021392500175966875,0.027433790741063443,0.02439370016259136,0.012552301255229992,0.457548917453885,0.9992788640059218,0.0007211359426719236,0.9985577280632499,3.3333333333333335
0.02,0.3,100,240,0.1,3,9563,0.019929545715083,0.026788047368215866,0.023665147685990227,0.012552301255229992,0.46857843286193945,0.9990212488882815,0.0009787510327104994,0.998042497855571,3.3333333333333335
0.02,0.3,100,240,0.1,4,9564,0.01944296307450275,0.03129975599876973,0.028672538408387797,0.012552301255229992,0.4010351152808786,0.9990849501004291,0.0009150497496706767,0.9981699003507584,3.3333333333333335
0.02,0.3,100,240,0.1,5,9565,0.01998275793360233,0.022528185148069757,0.018707187369128006,0.012552301255229992,0.5571820886914847,0.9986128900673249,0.0013871098517453716,0.9972257802155795,3.3333333333333335
0.02,0.3,100,240,0.1,6,9566,0.02140374686339977,0.030959515872277448,0.028300730666252254,0.012552301255229992,0.4054424270396906,0.9995342383178404,0.00046576162341228916,0.9990684766944281,3.3333333333333335
0.02,0.3,100,240,0.1,7,9567,0.018723457473645455,0.030457837046281678,0.02775102828249433,0.012552301255229992,0.4121205729795048,0.9989637880901046,0.0010362117908591973,0.9979275762992453,3.3333333333333335
0.02,0.3,100,240,0.1,8,9568,0.017886784698257014,0.029642217998424095,0.02685332048488695,0.012552301255229992,0.4234602571203452,0.9991112972356165,0.0008887026666347796,0.9982225945689818,3.3333333333333335
0.02,0.3,100,240,0.1,9,9569,0.019272987873548832,0.02711606986781508,0.02403582697296227,0.012552301255229992,0.4629100498862748,0.9992910603348801,0.0007089396124295067,0.9985821207224507,3.3333333333333335
0.02,0.3,100,240,0.3,0,9570,0.017264486089595372,0.023609599965967818,0.019996323255813284,0.012552301255229992,0.5316609037562505,0.9990650221738604,0.0009349777663643679,0.998130044407496,3.3333333333333335
0.02,0.3,100,240,0.3,1,9571,0.01875059997154459,0.027989724184643443,0.025017281889333335,0.012552301255229992,0.4484610556511596,0.999020077905433,0.0009799220205576023,0.9980401558848754,3.3333333333333335
0.02,0.3,100,240,0.3,2,9572,0.020740593378716057,0.029854076927787573,0.027087001355044882,0.012552301255230257,0.4204551788887108,0.9990604694912817,0.000939530395910569,0.9981209390953711,3.3333333333333335
0.02,0.3,100,240,0.3,3,9573,0.018770092909951942,0.02474993543292066,0.021330706437708364,0.012552301255229992,0.5071650101573107,0.9987673568175556,0.0012326431086870622,0.9975347137088685,3.3333333333333335
0.02,0.3,100,240,0.3,4,9574,0.02224592244544585,0.03499669232857973,0.03266815279655742,0.012552301255229992,0.3586710748941056,0.9991454146834724,0.0008545851284647459,0.9982908295550077,3.3333333333333335
0.02,0.3,100,240,0.3,5,9575,0.021164300253596426,0.025738169873187534,0.022469826915644236,0.012552301255229992,0.4876920665717658,0.999142922955802,0.0008570769775161718,0.9982858459782858,3.3333333333333335
0.02,0.3,100,240,0.3,6,9576,0.02051519163137625,0.02860835634137497,0.025707543362854437,0.012552301255229992,0.4387634544762771,0.998869944944319,0.0011300549539120196,0.997739889990407,3.3333333333333335
0.02,0.3,100,240,0.3,7,9577,0.0203351675128348,0.028377949720189134,0.025450889248109468,0.012552301255229992,0.44232586846469096,0.9993676489228238,0.0006323510157856595,0.9987352979070382,3.3333333333333335
0.02,0.3,100,240,0.3,8,9578,0.019204769681263258,0.026393018891899614,0.023217045019255176,0.012552301255229992,0.4755917201681869,0.9990192998389725,0.0009807000790307543,0.9980385997599418,3.3333333333333335
0.02,0.3,100,240,0.3,9,9579,0.01855952586036334,0.028436495962420212,0.025516152449354363,0.012552301255229992,0.44141518954438974,0.9990542961622175,0.0009457037482007624,0.9981085924140167,3.3333333333333335
0.05,0.1,40,120,0.1,0,9580,0.050222323187795535,0.0547429168940983,0.0547429168940983,8.881784197001252e-16,1.6224535886867905e-14,0.9767470173898175,0.023252544610124902,0.9534944727796926,10.0
0.05,0.1,40,120,0.1,1,9581,0.0612193285316738,0.06916839341661486,0.06916839341661486,8.881784197001252e-16,1.2840813207131349e-14,0.8493813524887874,0.150608632534217,0.6987727199545705,10.0
0.05,0.1,40,120,0.1,2,9582,0.05578266399662514,0.06656714083090279,0.06656714083090279,8.881784197001252e-16,1.3342595289713899e-14,0.9018702959788418,0.09812446367083855,0.8037458323080033,10.0
0.05,0.1,40,120,0.1,3,9583,0.05017495514506037,0.05574159311521693,0.05574159311521693,8.881784197001252e-16,1.5933854238149877e-14,0.9803342618301573,0.019665142910187595,0.9606691189199696,10.0
0.05,0.1,40,120,0.1,4,9584,0.04817946330310887,0.05441946994533042,0.05441946994533042,8.881784197001252e-16,1.63209678556661e-14,0.9849287493309171,0.01507102600053113,0.969857723330386,10.0
0.05,0.1,40,120,0.1,5,9585,0.05581617530580452,0.052478974776457174,0.052478974776457174,8.881784197001252e-16,1.692446210093599e-14,0.9814654597811425,0.018534125361873027,0.9629313344192695,10.0
0.05,0.1,40,120,0.1,6,9586,0.05256256837214813,0.05908555088413961,0.05908555088413961,8.881784197001252e-16,1.503207478663857e-14,0.9560947799161412,0.04390420364729296,0.9121905762688483,10.0
0.05,0.1,40,120,0.1,7,9587,0.05855217992918929,0.06761965100601303,0.06761965100601303,8.881784197001252e-16,1.3134915760229887e-14,0.8929693824604696,0.10702399012595605,0.7859453923345135,10.0
0.05,0.1,40,120,0.1,8,9588,0.055469395207688885,0.06495640686445511,0.06495640686445511,8.881784197001252e-16,1.3673453667988316e-14,0.9302934912201941,0.06970416297112268,0.8605893282490714,10.0
0.05,0.1,40,120,0.1,9,9589,0.055681277665605634,0.058823529411764816,0.058823529411764816,8.881784197001252e-16,1.50990331349021e-14,0.9627090096259023,0.037289956692805236,0.9254190529330971,10.0
0.05,0.1,40,120,0.3,0,9590,0.05201361541068849,0.056371461617641824,0.056371461617641824,8.881784197001252e-16,1.5755816759276008e-14,0.9749536674898089,0.02504583124326591,0.9499078362465431,10.0
0.05,0.1,40,120,0.3,1,9591,0.04349756217057095,0.052478974776457264,0.052478974776457264,8.881784197001252e-16,1.692446210093596e-14,0.9826236670098689,0.01737591077337281,0.9652477562364961,10.0
0.05,0.1,40,120,0.3,2,9592,0.04542860564187439,0.05695563744422674,0.05695563744422674,8.881784197001252e-16,1.5594214366749303e-14,0.9752943879795657,0.024705049654470464,0.9505893383250952,10.0
0.05,0.1,40,120,0.3,3,9593,0.044992821670686634,0.044267452743078674,0.044267452743078674,8.881784197001252e-16,2.0063915239374014e-14,0.9933275018912439,0.006672455185310936,0.986655046705933,10.0
0.05,0.1,40,120,0.3,4,9594,0.05680137739722371,0.06175184225503815,0.06175184225503815,8.881784197001252e-16,1.4383027084955695e-14,0.9288884610754247,0.0711083983943065,0.8577800626811182,10.0
0.05,0.1,40,120,0.3,5,9595,0.0495494257558985,0.056214656135544834,0.056214656135544834,8.881784197001252e-16,1.5799766124310154e-14,0.9718878681396539,0.02811140679453111,0.9437764613451228,10.0
0.05,0.1,40,120,0.3,6,9596,0.04152638694854987,0.04971495616050103,0.04971495616050103,8.881784197001252e-16,1.7865416934749123e-14,0.9872340529743309,0.01276583740849164,0.9744682155658392,10.0
0.05,0.1,40,120,0.3,7,9597,0.04796161478816161,0.056214656135544834,0.056214656135544834,8.881784197001252e-16,1.5799766124310154e-14,0.9697449405820615,0.03025418646489017,0.9394907541171713,10.0
0.05,0.1,40,120,0.3,8,9598,0.051256462544400555,0.05806838218943396,0.05806838218943396,8.881784197001252e-16,1.5295387717237572e-14,0.9743655975724873,0.025633728232471443,0.9487318693400159,10.0
0.05,0.1,40,120,0.3,9,9599,0.04796517999541495,0.056214656135544834,0.056214656135544834,8.881784197001252e-16,1.5799766124310154e-14,0.9628419269688184,0.03715689894313998,0.9256850280256784,10.0
0.05,0.1,100,240,0.1,0,9600,0.044115401366083586,0.04668788662731284,0.04668788662731284,8.881784197001252e-16,1.9023744355576224e-14,0.9154215340199664,0.08457617993643085,0.8308453540835355,10.0
0.05,0.1,100,240,0.1,1,9601,0.05041070473090638,0.051331597109574065,0.051331597109574065,8.881784197001252e-16,1.7302762230526185e-14,0.9574645432370344,0.04253387839289088,0.9149306648441435,10.0
0.05,0.1,100,240,0.1,2,9602,0.04625176392500702,0.047476174551925425,0.047476174551925425,8.881784197001252e-16,1.8707876699895246e-14,0.9652304637493511,0.03476835924351747,0.9304621045058336,10.0
0.05,0.1,100,240,0.1,3,9603,0.058203058034889454,0.060741552891037484,0.060741552891037484,8.881784197001252e-16,1.4622254081870493e-14,0.9417617771149094,0.058235226160065726,0.8835265509548437,10.0
0.05,0.1,100,240,0.1,4,9604,0.047447691412637466,0.049052220551473784,0.049052220551473784,8.881784197001252e-16,1.8106793325861774e-14,0.9756566039826008,0.02434261143075344,0.9513139925518473,10.0
0.05,0.1,100,240,0.1,5,9605,0.04810079792919633,0.049398971637449475,0.049398971637449475,8.881784197001252e-16,1.7979694521146572e-14,0.95690231660932,0.043096074310320864,0.9138062422989992,10.0
0.05,0.1,100,240,0.1,6,9606,0.057404001451988894,0.05866102817848323,0.05866102817848323,8.881784197001252e-16,1.5140860078308473e-14,0.9462846477705144,0.05371271966900739,0.892571928101507,10.0
0.05,0.1,100,240,0.1,7,9607,0.04882496044108575,0.05056360281178495,0.05056360281178495,8.881784197001252e-16,1.7565568320086476e-14,0.95201323770439,0.047985152339826885,0.904028085364563,10.0
0.05,0.1,100,240,0.1,8,9608,0.05042159723191049,0.05075712195521576,0.05075712195521576,8.881784197001252e-16,1.749859695519747e-14,0.9554586049186957,0.044539734064646036,0.9109188708540497,10.0
0.05,0.1,100,240,0.1,9,9609,0.047914218317074174,0.04867063876596727,0.04867063876596727,8.881784197001252e-16,1.824875206530431e-14,0.883999849525573,0.11599581841946253,0.7680040311061105,10.0
0.05,0.1,100,240,0.3,0,9610,0.046536785153525044,0.04842723446436896,0.04842723446436896,8.881784197001252e-16,1.8340473692620532e-14,0.9746441526980145,0.025355020815930652,0.9492891318820839,10.0
0.05,0.1,100,240,0.3,1,9611,0.04921016780977549,0.05065354293028124,0.05065354293028124,8.881784197001252e-16,1.7534379005286964e-14,0.9736199359706295,0.026379257831859234,0.9472406781387702,10.0
0.05,0.1,100,240,0.3,2,9612,0.0510963204430594,0.05337967676591473,0.05337967676591473,8.881784197001252e-16,1.6638887185380376e-14,0.9510640652732142,0.048933981851688624,0.9021300834215256,10.0
0.05,0.1,100,240,0.3,3,9613,0.051677411104489354,0.05058956348650036,0.05058956348650036,8.881784197001252e-16,1.7556554326410276e-14,0.9608062182362299,0.03919253755019165,0.9216136806860382,10.0
0.05,0.1,100,240,0.3,4,9614,0.054696265378535884,0.054840453675411294,0.054840453675411294,8.881784197001252e-16,1.6195679652051385e-14,0.9618556469517314,0.03814269716950267,0.9237129497822287,10.0
0.05,0.1,100,240,0.3,5,9615,0.04426875485192575,0.04689926784670128,0.04689926784670128,8.881784197001252e-16,1.8938001817070934e-14,0.9726464873004369,0.027352829721675152,0.9452936575787617,10.0
0.05,0.1,100,240,0.3,6,9616,0.053259652883433005,0.05513495032645724,0.05513495032645724,8.881784197001252e-16,1.6109172393212822e-14,0.9405942335512811,0.059403038979180534,0.8811911945721006,10.0
0.05,0.1,100,240,0.3,7,9617,0.0496994453861233,0.050172580784801524,0.050172580784801524,8.881784197001252e-16,1.7702466283519857e-14,0.9580023915530667,0.041996264497210854,0.9160061270558558,10.0
0.05,0.1,100,240,0.3,8,9618,0.041762828141597874,0.04222418681687969,0.04222418681687969,8.881784197001252e-16,2.103482592931935e-14,0.9439753219143804,0.056023374232897195,0.8879519476814832,10.0
0.05,0.1,100,240,0.3,9,9619,0.0501040161645797,0.05228619029895655,0.05228619029895655,8.881784197001252e-16,1.6986864306268843e-14,0.9473863721205804,0.052611358250101325,0.8947750138704791,10.0
0.05,0.3,40,120,0.1,0,9620,0.05904560935387707,0.07409744575020334,0.06967699139402103,0.025210084033613356,0.34022878627424447,0.9906361715709596,0.009363816985738533,0.9812723545852211,3.3333333333333335
0.05,0.3,40,120,0.1,1,9621,0.044884505342474436,0.05927199991456259,0.05364346779329297,0.02521008403361336,0.42532872300499974,0.994572365592022,0.005427632090203065,0.989144733501819,3.3333333333333335
0.05,0.3,40,120,0.1,2,9622,0.05905724365221785,0.06340919442347304,0.05818227909296745,0.02521008403361336,0.3975777371535413,0.9867945184923763,0.013205472928872837,0.9735890455635035,3.3333333333333335
0.05,0.3,40,120,0.1,3,9623,0.0458952398186902,0.05997522026731184,0.05997522026731184,8.881784197001252e-16,1.4809089749757987e-14,0.9996944811523306,0.0003055113044858069,0.9993889698478448,3.3333333333333335
0.05,0.3,40,120,0.1,4,9624,0.057669372930274826,0.06559871847057143,0.060561072711762975,0.02521008403361336,0.3843075691322077,0.9918261946273145,0.008173799330246395,0.983652395297068,3.3333333333333335
0.05,0.3,40,120,0.1,5,9625,0.04635626504682611,0.06001200360120043,0.05446000586897367,0.02521008403361336,0.42008402520840143,0.9933135220462828,0.006686475251958245,0.9866270467943246,3.3333333333333335
0.05,0.3,40,120,0.1,6,9626,0.050295707222038355,0.05997522026731175,0.05441946994533037,0.025210084033613356,0.4203416664624338,0.9927898743349873,0.007210122685358238,0.9855797516496291,3.3333333333333335
0.05,0.3,40,120,0.1,7,9627,0.04767150558436114,0.05997522026731186,0.05441946994533037,0.02521008403361362,0.4203416664624374,0.9888107088762853,0.011189284503614642,0.9776214243726706,3.3333333333333335
0.05,0.3,40,120,0.1,8,9628,0.04591646114428547,0.05141696743916152,0.04481245589853282,0.02521008403361336,0.49030670786725944,0.9957283304886072,0.00427166827896526,0.9914566622096419,3.3333333333333335
0.05,0.3,40,120,0.1,9,9629,0.04777715365952703,0.061751842255038186,0.05637146161764183,0.025210084033613488,0.40824829046386313,0.9955544509669175,0.004445546785773634,0.991108904181144,3.3333333333333335
0.05,0.3,40,120,0.3,0,9630,0.04763904439956324,0.06775006511175255,0.0628849980970411,0.02521008403361336,0.37210420376762393,0.9933935033226691,0.006606491540295979,0.986787011782373,3.3333333333333335
0.05,0.3,40,120,0.3,1,9631,0.052816820107056815,0.058823529411764816,0.053147523700309056,0.02521008403361336,0.4285714285714263,0.9898935384799253,0.010106457105833426,0.9797870813740919,3.3333333333333335
0.05,0.3,40,120,0.3,2,9632,0.06160348697141317,0.06900868783889438,0.06423901198075918,0.02521008403361336,0.3653175393287881,0.9743411220189937,0.025658847040304526,0.9486822749786892,3.3333333333333335
0.05,0.3,40,120,0.3,3,9633,0.04770331022343621,0.054419469945330395,0.048227900349785816,0.02521008403361336,0.46325486188930765,0.9927435654643222,0.007256432163919912,0.9854871333004023,3.3333333333333335
0.05,0.3,40,120,0.3,4,9634,0.04705673076064157,0.06056107271176297,0.05506446395832429,0.02521008403361336,0.41627538788157437,0.9937089358841498,0.006291061257114122,0.9874178746270357,3.3333333333333335
0.05,0.3,40,120,0.3,5,9635,0.050887863955372654,0.06340919442347306,0.058182279092967366,0.02521008403361362,0.3975777371535452,0.9909773961692763,0.009022598061657183,0.9819547981076191,3.3333333333333335
0.05,0.3,40,120,0.3,6,9636,0.04876011917121446,0.06495640686445517,0.059864734658718666,0.025210084033613356,0.38810773641188856,0.985680711643663,0.014319276580439974,0.971361435063223,3.3333333333333335
0.05,0.3,40,120,0.3,7,9637,0.04132616483135987,0.053807766701116526,0.04753659033186895,0.02521008403361336,0.4685212856658153,0.9907770035541803,0.009222993659553334,0.9815540098946269,3.3333333333333335
0.05,0.3,40,120,0.3,8,9638,0.05537946781202353,0.05927199991456263,0.05364346779329302,0.02521008403361336,0.4253287230049994,0.9921985296134146,0.007801467298893238,0.9843970623145214,3.3333333333333335
0.05,0.3,40,120,0.3,9,9639,0.04833232589406672,0.056214656135544834,0.050244793038241295,0.02521008403361336,0.44846105565115935,0.9919912700365445,0.008008727582095676,0.9839825424544488,3.3333333333333335
0.05,0.3,100,240,0.1,0,9640,0.05096698234318768,0.05267813998529513,0.051160787381629505,0.012552301255229992,0.2382829245439173,0.9981350767163175,0.0018649200063222866,0.9962701567099952,3.3333333333333335
0.05,0.3,100,240,0.1,1,9641,0.04923192253604795,0.05209163011710757,0.05055667771378475,0.012552301255229992,0.24096579867074755,0.999654928669545,0.0003450708534143908,0.9993098578161306,3.3333333333333335
0.05,0.3,100,240,0.1,2,9642,0.05052826921445781,0.054635764733793356,0.05317430320412642,0.012552301255229992,0.22974513702498123,0.9996610365044128,0.00033896291967765694,0.9993220735847352,3.3333333333333335
0.05,0.3,100,240,0.1,3,9643,0.04842173598776019,0.05078298370146586,0.04920722677433975,0.012552301255229992,0.24717533985439433,0.9997235355996161,0.00027646408073229333,0.9994470715188838,3.3333333333333335
0.05,0.3,100,240,0.1,4,9644,0.04224230610340224,0.04914492672812045,0.047514877210304104,0.012552301255230124,0.25541397842898333,0.9997045785857375,0.00029542110883485343,0.9994091574769026,3.3333333333333335
0.05,0.3,100,240,0.1,5,9645,0.050063398353138444,0.054262798053584624,0.05279101235818516,0.012552301255229992,0.23132425354908107,0.99709182251378,0.002908171465302939,0.9941836510484771,3.3333333333333335
0.05,0.3,100,240,0.1,6,9646,0.048469605035521814,0.05119499491913796,0.04963232049751969,0.012552301255229992,0.24518610217768827,0.9994385555703182,0.000561443644804286,0.998877111925514,3.3333333333333335
0.05,0.3,100,240,0.1,7,9647,0.0520758141169924,0.055451565713905526,0.054012182638007986,0.012552301255230124,0.22636513673918493,0.9997339245201172,0.00026607503284960244,0.9994678494872676,3.3333333333333335
0.05,0.3,100,240,0.1,8,9648,0.04968086253432784,0.0565999148233628,0.05519048913725872,0.012552301255230124,0.22177244072545668,0.9993956633825264,0.000604335311076393,0.99879132807145,3.3333333333333335
0.05,0.3,100,240,0.1,9,9649,0.0526806865735401,0.057849633247545905,0.056471406924863486,0.012552301255229992,0.21698151830137116,0.9993743183288452,0.0006256802569701787,0.998748638071875,3.3333333333333335
0.05,0.3,100,240,0.3,0,9650,0.05051977371898171,0.05340426851928816,0.051908146078223444,0.012552301255229992,0.23504303313688202,0.9996492426458484,0.00035075673669522617,0.9992984859091532,3.3333333333333335
0.05,0.3,100,240,0.3,1,9651,0.04488044753594028,0.04900222919483618,0.04736726928229246,0.012552301255229992,0.25615775978927796,0.9994923575393411,0.0005076418162795235,0.9989847157230616,3.3333333333333335
0.05,0.3,100,240,0.3,2,9652,0.046313198482024275,0.04889493274641503,0.04725626076483828,0.012552301255230257,0.2567198797538093,0.9997255810313078,0.0002744186729161796,0.9994511623583916,3.3333333333333335
0.05,0.3,100,240,0.3,3,9653,0.048653150456924296,0.05275949879882203,0.05124455528835093,0.012552301255229992,0.2379154757154412,0.9995452324026525,0.00045476691891011337,0.9990904654837424,3.3333333333333335
0.05,0.3,100,240,0.3,4,9654,0.05358495126786307,0.05683450128579615,0.055431040668592085,0.012552301255230257,0.22085706694442794,0.9996888027233418,0.0003111966678760672,0.9993776060554658,3.3333333333333335
0.05,0.3,100,240,0.3,5,9655,0.049466521039832186,0.054322451438050055,0.052852326944395345,0.012552301255229992,0.23107022829308024,0.9972856571955865,0.0027143365215658495,0.9945713206740207,3.3333333333333335
0.05,0.3,100,240,0.3,6,9656,0.04877952498205459,0.052232590909881825,0.05070190614125884,0.012552301255229992,0.24031550104199859,0.9981724375385463,0.0018275595269319365,0.9963448780116144,3.3333333333333335
0.05,0.3,100,240,0.3,7,9657,0.0526821765791081,0.05645280326534864,0.05503961055198438,0.012552301255229992,0.22235036223497398,0.9995801767880721,0.0004198223498996643,0.9991603544381724,3.3333333333333335
0.05,0.3,100,240,0.3,8,9658,0.05650132988746747,0.060777569231522735,0.05946724018222546,0.012552301255229992,0.2065285172464523,0.999503365272617,0.0004966332933348353,0.9990067319792821,3.3333333333333335
0.05,0.3,100,240,0.3,9,9659,0.0528865683407098,0.06270010943909345,0.061430802183206484,0.012552301255229992,0.2001958428385716,0.9991141574955026,0.0008858400488727481,0.9982283174466299,3.3333333333333335
0.1,0.1,40,120,0.1,0,9660,0.10062492243515109,0.10110260013038624,0.10110260013038624,8.881784197001252e-16,8.784921639549253e-15,0.4161934298487723,0.5836810349875398,-0.16748760513876748,10.0
0.1,0.1,40,120,0.1,1,9661,0.10516753141729447,0.10988820866068916,0.10988820866068916,8.881784197001252e-16,8.082563457218842e-15,0.27510467948826306,0.7246936921944911,-0.44958901270622803,10.0
0.1,0.1,40,120,0.1,2,9662,0.09889499678025758,0.10710165627336879,0.10710165627336879,8.881784197001252e-16,8.292854196699981e-15,0.23512872792251438,0.7646314945242377,-0.5295027666017234,10.0
0.1,0.1,40,120,0.1,3,9663,0.11999949168056386,0.12204779452334298,0.12204779452334298,8.881784197001252e-16,7.277300037816343e-15,0.0672608272765901,0.9321866651307615,-0.8649258378541714,10.0
0.1,0.1,40,120,0.1,4,9664,0.10486025267851978,0.10544042093554284,0.10544042093554284,8.881784197001252e-16,8.423509806007705e-15,0.3134362136289237,0.6863932710985763,-0.3729570574696526,10.0
0.1,0.1,40,120,0.1,5,9665,0.09227406824380253,0.09797667072572286,0.09797667072572286,8.881784197001252e-16,9.065203105201474e-15,0.43937050570495906,0.560499324613137,-0.12112881890817795,10.0
0.1,0.1,40,120,0.1,6,9666,0.07371929195890446,0.08187888768867686,0.08187888768867686,8.881784197001252e-16,1.0847465626025505e-14,0.8363395403167897,0.16364034480973422,0.6726991955070555,10.0
0.1,0.1,40,120,0.1,7,9667,0.10362162749839698,0.10610803612751596,0.10610803612751596,8.881784197001252e-16,8.370510397843492e-15,0.08343126453314191,0.9162476495720966,-0.8328163850389547,10.0
0.1,0.1,40,120,0.1,8,9668,0.07484069487267694,0.08187888768867675,0.08187888768867675,8.881784197001252e-16,1.0847465626025521e-14,0.8130724449859552,0.1869100236856913,0.6261624213002639,10.0
0.1,0.1,40,120,0.1,9,9669,0.11116426019656966,0.10761553340223273,0.10761553340223273,8.881784197001252e-16,8.253254819454325e-15,0.254400962562496,0.7453428156818618,-0.4909418531193658,10.0
0.1,0.1,40,120,0.3,0,9670,0.10564150892427125,0.1076155334022328,0.1076155334022328,8.881784197001252e-16,8.25325481945432e-15,0.2395624320914345,0.7602042077273062,-0.5206417756358718,10.0
0.1,0.1,40,120,0.3,1,9671,0.10168371726283662,0.1008403361344538,0.1008403361344538,8.881784197001252e-16,8.807769328692906e-15,0.3202643313608063,0.6795163738456514,-0.35925204248484516,10.0
0.1,0.1,40,120,0.3,2,9672,0.08755562277626178,0.09183820585879998,0.09183820585879998,8.881784197001252e-16,9.671121200534859e-15,0.6123924821719134,0.3875622896441462,0.22483019252776726,10.0
0.1,0.1,40,120,0.3,3,9673,0.07705537906006199,0.08350675174097388,0.08350675174097388,8.881784197001252e-16,1.0636007283041364e-14,0.7526951211789775,0.24727720247542753,0.50541791870355,10.0
0.1,0.1,40,120,0.3,4,9674,0.12249334194284152,0.12820291010413745,0.12820291010413745,8.881784197001252e-16,6.927911534759002e-15,0.10816316740445422,0.8913169281233744,-0.7831537607189202,10.0
0.1,0.1,40,120,0.3,5,9675,0.09935614680751133,0.09572088865457577,0.09572088865457577,8.881784197001252e-16,9.278835917468966e-15,0.5694007383136035,0.430521573611418,0.13887916470218548,10.0
0.1,0.1,40,120,0.3,6,9676,0.10488588015514064,0.10924369747899165,0.10924369747899165,8.881784197001252e-16,8.130248611101143e-15,0.281337478122735,0.7184146582035829,-0.43707718008084784,10.0
0.1,0.1,40,120,0.3,7,9677,0.10029913623548703,0.10462100502511537,0.10462100502511537,8.881784197001252e-16,8.489484683184879e-15,0.23723477977107071,0.7625104238706515,-0.5252756440995807,10.0
0.1,0.1,40,120,0.3,8,9678,0.0940654988036255,0.09572088865457579,0.09572088865457579,8.881784197001252e-16,9.278835917468964e-15,0.4610969696220264,0.5387907262653292,-0.0776937566433028,10.0
0.1,0.1,40,120,0.3,9,9679,0.07576986836592606,0.08294994547226742,0.08294994547226742,8.881784197001252e-16,1.0707402092230056e-14,0.8348505165976752,0.16513051978945428,0.6697199968082209,10.0
0.1,0.1,100,240,0.1,0,9680,0.10481662896173422,0.10678804666367467,0.10678804666367467,8.881784197001252e-16,8.317208221791087e-15,0.14633131241044395,0.8533185369098595,-0.7069872244994155,10.0
0.1,0.1,100,240,0.1,1,9681,0.0925495102006019,0.09342731781374523,0.09342731781374523,8.881784197001252e-16,9.506624405837909e-15,0.3355541390785989,0.6642598902355628,-0.3287057511569639,10.0
0.1,0.1,100,240,0.1,2,9682,0.09985854115126133,0.10033120341658408,0.10033120341658408,8.881784197001252e-16,8.85246453201931e-15,0.31924546785865654,0.680550377562048,-0.3613049097033914,10.0
0.1,0.1,100,240,0.1,3,9683,0.10564874695279541,0.10768999909222522,0.10768999909222522,8.881784197001252e-16,8.247547842762013e-15,0.1257498505068113,0.8738296714909777,-0.7480798209841664,10.0
0.1,0.1,100,240,0.1,4,9684,0.09784558969365695,0.10016005817814674,0.10016005817814674,8.881784197001252e-16,8.867590892573093e-15,0.12571471493406577,0.8739651948166085,-0.7482504798825427,10.0
0.1,0.1,100,240,0.1,5,9685,0.10750836921586239,0.10989060036508391,0.10989060036508391,8.881784197001252e-16,8.082387544970868e-15,0.03258915551782993,0.9668898092641653,-0.9343006537463354,10.0
0.1,0.1,100,240,0.1,6,9686,0.10279260219520603,0.10317010883630087,0.10317010883630087,8.881784197001252e-16,8.608873536320393e-15,0.2938387467292674,0.7059289292001542,-0.41209018247088675,10.0
0.1,0.1,100,240,0.1,7,9687,0.10621000124117098,0.10846427947126126,0.10846427947126126,8.881784197001252e-16,8.188672105045029e-15,0.14733024971938352,0.8523100243017291,-0.7049797745823456,10.0
0.1,0.1,100,240,0.1,8,9688,0.09790656888077946,0.09895729204414713,0.09895729204414713,8.881784197001252e-16,8.975371105586522e-15,0.2737651354764488,0.7260185358500636,-0.4522534003736148,10.0
0.1,0.1,100,240,0.1,9,9689,0.1026962665969193,0.1028395366998658,0.1028395366998658,8.881784197001252e-16,8.636546295344058e-15,0.09411768973504937,0.9055266890816909,-0.8114089993466415,10.0
0.1,0.1,100,240,0.3,0,9690,0.1001186760902184,0.1001880202273175,0.1001880202273175,8.881784197001252e-16,8.865115985772841e-15,0.37668010803372626,0.6231326659405129,-0.2464525579067866,10.0
0.1,0.1,100,240,0.3,1,9691,0.09552484343996559,0.0960148489067605,0.0960148489067605,8.881784197001252e-16,9.250427718348342e-15,0.25996945340083977,0.7398002618854701,-0.47983080848463033,10.0
0.1,0.1,100,240,0.3,2,9692,0.11093675029679378,0.1097247926417316,0.1097247926417316,8.881784197001252e-16,8.094601031511311e-15,0.08672125485274686,0.9128062408019237,-0.8260849859491769,10.0
0.1,0.1,100,240,0.3,3,9693,0.1026703414937158,0.10374122400181958,0.10374122400181958,8.881784197001252e-16,8.561480050443082e-15,0.15993767981542376,0.8397562665604142,-0.6798185867449905,10.0
0.1,0.1,100,240,0.3,4,9694,0.09039914789719028,0.09187030727422045,0.09187030727422045,8.881784197001252e-16,9.667741907611485e-15,0.3423159525795753,0.6575352725968487,-0.31521932001727343,10.0
0.1,0.1,100,240,0.3,5,9695,0.10918642609475826,0.11007922110396877,0.11007922110396877,8.881784197001252e-16,8.068538374388107e-15,0.0959851558701497,0.9035968391536155,-0.8076116832834659,10.0
0.1,0.1,100,240,0.3,6,9696,0.10797532172443884,0.10925150103366027,0.10925150103366027,8.881784197001252e-16,8.129667888283553e-15,0.07613497098213796,0.9233668280871293,-0.8472318571049914,10.0
0.1,0.1,100,240,0.3,7,9697,0.09607282814566617,0.09783550586686127,0.09783550586686127,8.881784197001252e-16,9.078283102136727e-15,0.2629724496097538,0.7367867463847704,-0.4738142967750166,10.0
0.1,0.1,100,240,0.3,8,9698,0.10117294573277857,0.10256082786183514,0.10256082786183514,8.881784197001252e-16,8.660016092075965e-15,0.36573864827262037,0.63407488989166,-0.2683362416190397,10.0
0.1,0.1,100,240,0.3,9,9699,0.09253806472431061,0.09149604969133496,0.09149604969133496,8.881784197001252e-16,9.707287065358838e-15,0.47077465254319306,0.5291138018614931,-0.05833914931830009,10.0
0.1,0.3,40,120,0.1,0,9700,0.07726814641252946,0.08722915752952397,0.08350675174097398,0.02521008403361336,0.2890098305154517,0.9964878225026064,0.0035121494695205405,0.9929756730330859,3.3333333333333335
0.1,0.3,40,120,0.1,1,9701,0.11881562659992985,0.12293057847334282,0.12031782406114587,0.025210084033613356,0.20507577810739822,0.972396938508867,0.027601359811374335,0.9447955786974926,3.3333333333333335
0.1,0.3,40,120,0.1,2,9702,0.10827468556994557,0.11504858462263082,0.11225252107052562,0.02521008403361336,0.2191255469704785,0.597580255322514,0.4024099227906019,0.19517033253191213,3.3333333333333335
0.1,0.3,40,120,0.1,3,9703,0.10333563721668551,0.10099340623295724,0.10099340623295724,8.881784197001252e-16,8.79441988174358e-15,0.9935425120989485,0.006456697569876392,0.9870858145290721,3.3333333333333335
0.1,0.3,40,120,0.1,4,9704,0.09873305029311652,0.1130361432967614,0.11018902556254924,0.025210084033613356,0.2230267531989978,0.8668735630747124,0.13312424630971836,0.733749316764994,3.3333333333333335
0.1,0.3,40,120,0.1,5,9705,0.10830495774153862,0.10761553340223272,0.10462100502511539,0.02521008403361336,0.23426064283290837,0.9713439815242693,0.028655682233785527,0.9426882992904837,3.3333333333333335
0.1,0.3,40,120,0.1,6,9706,0.10066344818346967,0.0997622695007039,0.09652441182907684,0.02521008403361336,0.252701589085596,0.9801173834147235,0.01988247686373479,0.9602349065509888,3.3333333333333335
0.1,0.3,40,120,0.1,7,9707,0.09711236165518007,0.10358229441698365,0.10046762353965001,0.025210084033613356,0.24338217429445005,0.9653283020066166,0.03467136344591048,0.9306569385607061,3.3333333333333335
0.1,0.3,40,120,0.1,8,9708,0.11234614902489522,0.11956347290027053,0.11687547097227835,0.02521008403361336,0.21085105193156628,0.8529482253713119,0.14704775893333843,0.7059004664379734,3.3333333333333335
0.1,0.3,40,120,0.1,9,9709,0.09697644690503479,0.10324086029668582,0.10011556770961223,0.02521008403361336,0.2441870782669431,0.9399609830277282,0.060038471297540814,0.8799225117301874,3.3333333333333335
0.1,0.3,40,120,0.3,0,9710,0.10581809901272746,0.12350368451007618,0.120903315713766,0.025210084033613488,0.2041241452319319,0.5419698009686881,0.4580125891790121,0.08395721178967597,3.3333333333333335
0.1,0.3,40,120,0.3,1,9711,0.08624480204219381,0.08649239012705418,0.08273684314082015,0.02521008403361362,0.2914717005343583,0.9769513101993098,0.023048613876236444,0.9539026963230733,3.3333333333333335
0.1,0.3,40,120,0.3,2,9712,0.09760389148050022,0.11084794922918412,0.11012892791664824,0.01260504201680712,0.11371470653683918,0.9042296860122626,0.09576524931827653,0.808464436693986,3.3333333333333335
0.1,0.3,40,120,0.3,3,9713,0.09879475975150957,0.11177971087750443,0.10889974943440704,0.02521008403361336,0.22553363070727772,0.9658734725379378,0.034126081783793664,0.9317473907541441,3.3333333333333335
0.1,0.3,40,120,0.3,4,9714,0.10787013133349994,0.10988820866068919,0.10695732824670462,0.025210084033613356,0.22941573387056108,0.9642454075883115,0.035754117349895136,0.9284912902384164,3.3333333333333335
0.1,0.3,40,120,0.3,5,9715,0.10326832096700204,0.11034912593839404,0.10743082080290413,0.02521008403361336,0.2284574872635394,0.6773846095633738,0.3226091328746505,0.3547754766887233,3.3333333333333335
0.1,0.3,40,120,0.3,6,9716,0.09388008386198705,0.10324086029668582,0.1001155677096122,0.025210084033613488,0.24418707826694436,0.9873119328145832,0.012687971201315736,0.9746239616132675,3.3333333333333335
0.1,0.3,40,120,0.3,7,9717,0.10541399586029672,0.11642143699577663,0.11365915121616799,0.02521008403361336,0.2165415982155236,0.4374610459339731,0.5625183102583308,-0.12505726432435765,3.3333333333333335
0.1,0.3,40,120,0.3,8,9718,0.0991847963884532,0.11460656888223408,0.1117994512239502,0.02521008403361336,0.21997067253202918,0.9413260732241224,0.05867299326955987,0.8826530799545625,3.3333333333333335
0.1,0.3,40,120,0.3,9,9719,0.1165310690829029,0.12059262721484171,0.11792808572005195,0.02521008403361362,0.20905161962099567,0.6811088453811668,0.31888002657933867,0.3622288188018281,3.3333333333333335
0.1,0.3,100,240,0.1,0,9720,0.10162328521739077,0.10238229542462053,0.10160991167013297,0.012552301255229992,0.12260226441662157,0.9814243222603588,0.018575031667117856,0.962849290593241,3.3333333333333335
0.1,0.3,100,240,0.1,1,9721,0.10659751616974679,0.11291180860197743,0.11221192563612628,0.012552301255229992,0.11116907443647274,0.9379708066953608,0.06202534477281858,0.8759454619225422,3.3333333333333335
0.1,0.3,100,240,0.1,2,9722,0.1042386442592193,0.10567152490252296,0.10492335730628563,0.012552301255229992,0.1187860331040827,0.9357390242222213,0.06425794233504448,0.8714810818871769,3.3333333333333335
0.1,0.3,100,240,0.1,3,9723,0.09452837739716134,0.09383958783266026,0.09299627937612076,0.012552301255230257,0.13376338862031437,0.9824118784948618,0.017587711277454864,0.9648241672174069,3.3333333333333335
0.1,0.3,100,240,0.1,4,9724,0.10938977141952656,0.10884694175170342,0.10812074945123466,0.012552301255230257,0.11532066085847394,0.9620898666905049,0.037908448371377676,0.9241814183191273,3.3333333333333335
0.1,0.3,100,240,0.1,5,9725,0.10577473767536862,0.10787759903224886,0.1071448370485513,0.012552301255230124,0.11635688380010892,0.9814023368169793,0.018596880460646118,0.9628054563563332,3.3333333333333335
0.1,0.3,100,240,0.1,6,9726,0.0938263906825233,0.09374626151635174,0.09290210590449581,0.012552301255230257,0.13389655280323703,0.9931429827035367,0.006856865403106708,0.98628611730043,3.3333333333333335
0.1,0.3,100,240,0.1,7,9727,0.10330192413586518,0.10265637297106134,0.10188606698058182,0.012552301255229992,0.1222749342485387,0.9228922628967516,0.07710468295655308,0.8457875799401986,3.3333333333333335
0.1,0.3,100,240,0.1,8,9728,0.10211192006161027,0.10415300908931124,0.1033938539544595,0.012552301255229992,0.12051789348175614,0.9389800367068337,0.06101730009974474,0.877962736607089,3.3333333333333335
0.1,0.3,100,240,0.1,9,9729,0.1100551776554506,0.11020876024093526,0.1094916004405904,0.012552301255230257,0.11389567605867966,0.9938259449881794,0.006173333893141603,0.9876526110950379,3.3333333333333335
0.1,0.3,100,240,0.3,0,9730,0.10210622082156902,0.10369818292659196,0.1029356734833696,0.012552301255229992,0.12104649185719848,0.9700584779129132,0.02994032099778462,0.9401181569151286,3.3333333333333335
0.1,0.3,100,240,0.3,1,9731,0.09235381551369357,0.09010788357427973,0.08922931365551287,0.012552301255230257,0.13930303051544723,0.9939974886890017,0.006002400931374183,0.9879950877576276,3.3333333333333335
0.1,0.3,100,240,0.3,2,9732,0.08748800067099599,0.08676335294279379,0.08585056288151963,0.012552301255229992,0.14467284665112212,0.9970772076804086,0.002922750004930424,0.9941544576754782,3.3333333333333335
0.1,0.3,100,240,0.3,3,9733,0.09278329975639135,0.09271347199230269,0.09185982594184162,0.012552301255230257,0.13538810472195864,0.9952792167262762,0.00472069043422478,0.9905585262920514,3.3333333333333335
0.1,0.3,100,240,0.3,4,9734,0.1000586637348362,0.10125523012552297,0.10047418255935482,0.012552301255230124,0.12396694214876036,0.9888964858900123,0.011103173163673846,0.9777933127263385,3.3333333333333335
0.1,0.3,100,240,0.3,5,9735,0.09662753604774542,0.09667354735834027,0.095855174571033,0.012552301255229992,0.12984215018718948,0.9940294696153097,0.00597039828496686,0.9880590713303429,3.3333333333333335
0.1,0.3,100,240,0.3,6,9736,0.09551499099933897,0.09884666043079784,0.09804642783660912,0.012552301255230257,0.12698761091699273,0.9887821223315569,0.011217568193454307,0.9775645541381026,3.3333333333333335
0.1,0.3,100,240,0.3,7,9737,0.09761736201468256,0.09782118961050733,0.09701249852474048,0.012552301255230257,0.12831883669795371,0.9937804967714026,0.006219346959484751,0.9875611498119178,3.3333333333333335
0.1,0.3,100,240,0.3,8,9738,0.10082012281710104,0.10277142088924325,0.10200198372968997,0.012552301255229992,0.12213805303672512,0.9837640417856831,0.016235368310541527,0.9675286734751416,3.3333333333333335
0.1,0.3,100,240,0.3,9,9739,0.10220576344479264,0.10328119446182846,0.10251558351128855,0.012552301255229992,0.12153520610055665,0.9864193187721645,0.013580221467411939,0.9728390973047526,3.3333333333333335
0.2,0.1,40,120,0.1,0,9740,0.1855433167832862,0.18647842716831,0.18647842716831,8.881784197001252e-16,4.762901710332859e-15,0.0007566046242755656,0.9935938958739995,-0.992837291249724,10.0
0.2,0.1,40,120,0.1,1,9741,0.21685289424815563,0.21670246988617858,0.21670246988617858,8.881784197001252e-16,4.0986077369890364e-15,0.0002099200051410879,0.9877121832327264,-0.9875022632275853,10.0
0.2,0.1,40,120,0.1,2,9742,0.19432086861172762,0.19703149727215727,0.19703149727215727,8.881784197001252e-16,4.507799169151595e-15,0.0008212829216219627,0.9933110163747385,-0.9924897334531165,10.0
0.2,0.1,40,120,0.1,3,9743,0.19761138638788073,0.1975683688320798,0.1975683688320798,8.881784197001252e-16,4.495549692243594e-15,0.03023896305850585,0.96756644187093,-0.9373274788124242,10.0
0.2,0.1,40,120,0.1,4,9744,0.2436746712136999,0.24625576911080005,0.24625576911080005,8.881784197001252e-16,3.606731419561177e-15,9.411197011550809e-05,0.9773486482810744,-0.9772545363109588,10.0
0.2,0.1,40,120,0.1,5,9745,0.18612992124045913,0.18836233333136287,0.18836233333136287,8.881784197001252e-16,4.715265541639163e-15,0.0025074416824101744,0.9940091071448315,-0.9915016654624214,10.0
0.2,0.1,40,120,0.1,6,9746,0.1565633451014718,0.16049100214104436,0.16049100214104436,8.881784197001252e-16,5.534132180940381e-15,0.0226788153584855,0.9757895219111675,-0.953110706552682,10.0
0.2,0.1,40,120,0.1,7,9747,0.20788494507231312,0.2127561159860868,0.2127561159860868,8.881784197001252e-16,4.174631669616528e-15,0.0006905818216286778,0.9920747838474269,-0.9913842020257981,10.0
0.2,0.1,40,120,0.1,8,9748,0.2240460516548985,0.2236679768914879,0.2236679768914879,8.881784197001252e-16,3.970968182588889e-15,6.108811346920222e-05,0.9804942646862806,-0.9804331765728115,10.0
0.2,0.1,40,120,0.1,9,9749,0.2005052437619165,0.20539945082031816,0.20539945082031816,8.881784197001252e-16,4.324151871647879e-15,0.0008391869712953507,0.9928684848870307,-0.9920292979157354,10.0
0.2,0.1,40,120,0.3,0,9750,0.17469214571758623,0.1764705882352941,0.1764705882352941,8.881784197001252e-16,5.0330110449673766e-15,0.0013858773168696481,0.9946301787515603,-0.9932443014346907,10.0
0.2,0.1,40,120,0.3,1,9751,0.17980612164497495,0.17972931573097975,0.17972931573097975,8.881784197001252e-16,4.941755973908885e-15,0.004089742204829224,0.9932358419078964,-0.9891460997030671,10.0
0.2,0.1,40,120,0.3,2,9752,0.22881115686940684,0.2238750723488609,0.2238750723488609,8.881784197001252e-16,3.967294841634227e-15,0.00011022264427645378,0.9887007630558099,-0.9885905404115335,10.0
0.2,0.1,40,120,0.3,3,9753,0.20626501666431446,0.20652446600747068,0.20652446600747068,8.881784197001252e-16,4.3005966163253356e-15,0.0014568589040613342,0.9932900321609305,-0.9918331732568691,10.0
0.2,0.1,40,120,0.3,4,9754,0.17911787734360426,0.1811967178159631,0.1811967178159631,8.881784197001252e-16,4.901735695909379e-15,0.0018430329431009685,0.9948335347971143,-0.9929905018540134,10.0
0.2,0.1,40,120,0.3,5,9755,0.22333302595633694,0.2170179252698402,0.2170179252698402,8.881784197001252e-16,4.092650036146847e-15,0.0010973846470047125,0.9926449869408583,-0.9915476022938536,10.0
0.2,0.1,40,120,0.3,6,9756,0.20051934198360358,0.2056249462729774,0.2056249462729774,8.881784197001252e-16,4.3194098566281156e-15,0.0003794243399890507,0.9917253854374852,-0.9913459610974962,10.0
0.2,0.1,40,120,0.3,7,9757,0.162756507914063,0.16574019263290773,0.16574019263290773,8.881784197001252e-16,5.358859583730068e-15,0.00292294702155037,0.9943578146495087,-0.9914348676279583,10.0
0.2,0.1,40,120,0.3,8,9758,0.19561402131794212,0.1943248920982719,0.1943248920982719,8.881784197001252e-16,4.5705849112267364e-15,0.0004493615736998108,0.9933478172237844,-0.9928984556500846,10.0
0.2,0.1,40,120,0.3,9,9759,0.18633308397836618,0.1826523313878837,0.1826523313878837,8.881784197001252e-16,4.862672230632381e-15,0.002713461490109404,0.9936460702589219,-0.9909326087688125,10.0
0.2,0.1,100,240,0.1,0,9760,0.20832131656827352,0.2085928281251277,0.2085928281251277,0.0,0.0,0.0003969911389698164,0.990202977734847,-0.9898059865958772,10.0
0.2,0.1,100,240,0.1,1,9761,0.18622669720345517,0.18763206339839628,0.18763206339839628,0.0,0.0,0.0004712023997017997,0.9922353203096039,-0.9917641179099022,10.0
0.2,0.1,100,240,0.1,2,9762,0.1993529034839964,0.20083856345128964,0.20083856345128964,0.0,0.0,0.000517337380667719,0.9912576346501668,-0.9907402972694991,10.0
0.2,0.1,100,240,0.1,3,9763,0.19185625743902202,0.19412557640049757,0.19412557640049757,0.0,0.0,0.00031304479830804354,0.9913187573365961,-0.9910057125382881,10.0
0.2,0.1,100,240,0.1,4,9764,0.18732627672915467,0.18777989094268516,0.18777989094268516,0.0,0.0,0.00046715168995771364,0.9928138101172674,-0.9923466584273097,10.0
0.2,0.1,100,240,0.1,5,9765,0.18283278603122066,0.18451598210311398,0.18451598210311398,0.0,0.0,0.000412880027789458,0.9930328659471944,-0.9926199859194049,10.0
0.2,0.1,100,240,0.1,6,9766,0.18785432175425995,0.18818035240355,0.18818035240355,0.0,0.0,0.0004921733210606443,0.9924198085738056,-0.991927635252745,10.0
0.2,0.1,100,240,0.1,7,9767,0.2169534970926302,0.2182556885769315,0.2182556885769315,0.0,0.0,0.0001026225762569146,0.9853937156828582,-0.9852910931066012,10.0
0.2,0.1,100,240,0.1,8,9768,0.19200877948647913,0.19342132772094084,0.19342132772094084,0.0,0.0,0.0002552982121887928,0.9912481446383063,-0.9909928464261175,10.0
0.2,0.1,100,240,0.1,9,9769,0.2075808151113694,0.2073807490860048,0.2073807490860048,0.0,0.0,0.00018023368384885154,0.9878795109891755,-0.9876992773053266,10.0
0.2,0.1,100,240,0.3,0,9770,0.20391273438004445,0.20453533135727028,0.20453533135727028,0.0,0.0,0.00032761945751448585,0.9897933610287643,-0.9894657415712498,10.0
0.2,0.1,100,240,0.3,1,9771,0.21845503539756497,0.21909509583247028,0.21909509583247028,0.0,0.0,2.7147361398659235e-05,0.9799324397983933,-0.9799052924369946,10.0
0.2,0.1,100,240,0.3,2,9772,0.1979066597277747,0.19757240655606714,0.19757240655606714,0.0,0.0,0.0006976728455540402,0.9917521474964732,-0.9910544746509192,10.0
0.2,0.1,100,240,0.3,3,9773,0.19498998257722971,0.19584584758292922,0.19584584758292922,0.0,0.0,0.0002775357710236654,0.9915131735119024,-0.9912356377408788,10.0
0.2,0.1,100,240,0.3,4,9774,0.19925975113936176,0.19933363543583812,0.19933363543583812,0.0,0.0,0.00045002307381673606,0.991415426975229,-0.9909654039014123,10.0
0.2,0.1,100,240,0.3,5,9775,0.20436914640576667,0.20455758420432685,0.20455758420432685,0.0,0.0,0.00026303441201690295,0.9894976614818305,-0.9892346270698136,10.0
0.2,0.1,100,240,0.3,6,9776,0.19487276939018813,0.19402499704948098,0.19402499704948098,0.0,0.0,0.00044372033961799544,0.9917043253078652,-0.9912606049682472,10.0
0.2,0.1,100,240,0.3,7,9777,0.22231804069860742,0.22142708496791605,0.22142708496791605,0.0,0.0,0.0002947249614292891,0.9878206697250762,-0.987525944763647,10.0
0.2,0.1,100,240,0.3,8,9778,0.18125988561437187,0.17980681692573683,0.17980681692573683,0.0,0.0,0.0008736187339624821,0.9941804956733606,-0.9933068769393981,10.0
0.2,0.1,100,240,0.3,9,9779,0.19246144060761722,0.19329275982252267,0.19329275982252267,0.0,0.0,0.00030476784668835756,0.9910392247926423,-0.990734456945954,10.0
0.2,0.3,40,120,0.1,0,9780,0.21301804518348935,0.22548584647056702,0.2240721281676199,0.02521008403361336,0.11180339887498911,0.014745054404395698,0.9836026063785881,-0.9688575519741924,3.3333333333333335
0.2,0.3,40,120,0.1,1,9781,0.18720252657451686,0.19181028925232477,0.19014636132747492,0.02521008403361336,0.13143238630149665,0.16708915403327493,0.8325142204712814,-0.6654250664380065,3.3333333333333335
0.2,0.3,40,120,0.1,2,9782,0.2019083405166828,0.2028045541130307,0.2012315552591177,0.02521008403361336,0.12430728759455185,0.4706241222447245,0.5288441947799214,-0.0582200725351969,3.3333333333333335
0.2,0.3,40,120,0.1,3,9783,0.19198801555438585,0.20220520026077257,0.20062750229098028,0.02521008403361336,0.12467574523850694,0.10313761945499839,0.8963214706200321,-0.7931838511650338,3.3333333333333335
0.2,0.3,40,120,0.1,4,9784,0.20491497183699897,0.21909256847871755,0.21763732498268695,0.02521008403361336,0.11506590209180118,0.12982161774432333,0.8695000884929538,-0.7396784707486305,3.3333333333333335
0.2,0.3,40,120,0.1,5,9785,0.21744819318167088,0.2256325993962687,0.22421980638055866,0.02521008403361362,0.11173068120949246,0.029016263808059297,0.9696126462806037,-0.9405963824725444,3.3333333333333335
0.2,0.3,40,120,0.1,6,9786,0.2250648938112917,0.21686534286662085,0.21539505240296297,0.02521008403361349,0.11624763874381949,0.15095993180980835,0.8472873654123809,-0.6963274336025725,3.3333333333333335
0.2,0.3,40,120,0.1,7,9787,0.19506512646902702,0.19481259067133205,0.19440436826324273,0.01260504201680712,0.06470342585851169,0.36696895980583727,0.632483525428893,-0.2655145656230557,3.3333333333333335
0.2,0.3,40,120,0.1,8,9788,0.15958316375493137,0.1558024892246988,0.15374936523976462,0.02521008403361336,0.16180796699117755,0.5457311169508344,0.45421377163227644,0.09151734531855799,3.3333333333333335
0.2,0.3,40,120,0.1,9,9789,0.1675260582933595,0.1761576857794246,0.17434443473245895,0.02521008403361336,0.1431108947762864,0.44550521192251596,0.554367938922393,-0.10886272699987704,3.3333333333333335
0.2,0.3,40,120,0.3,0,9790,0.18506884481414396,0.19454053757827863,0.19290016180465946,0.02521008403361336,0.12958781931744895,0.04639104478889537,0.9529567464202148,-0.9065657016313194,3.3333333333333335
0.2,0.3,40,120,0.3,1,9791,0.21267574412683124,0.2071645888339672,0.2067807529304921,0.01260504201680712,0.06084554357361468,0.1364995200559469,0.8610869956793572,-0.7245874756234103,3.3333333333333335
0.2,0.3,40,120,0.3,2,9792,0.17988525130523453,0.18003601080360127,0.1782622137445078,0.02521008403361336,0.1400280084028005,0.6186053555188269,0.38122262031285337,0.23738273520597353,3.3333333333333335
0.2,0.3,40,120,0.3,3,9793,0.17914711746463827,0.18596887375067828,0.18425220125445957,0.025210084033613356,0.13556077167737005,0.021102558883181414,0.9781620713188036,-0.9570595124356222,3.3333333333333335
0.2,0.3,40,120,0.3,4,9794,0.2196319066521857,0.21666173251014686,0.21403841389831985,0.03361344537815114,0.15514251173347804,0.012848036245306234,0.9862131976958619,-0.9733651614505556,3.3333333333333335
0.2,0.3,40,120,0.3,5,9795,0.16325050488982656,0.17093147568746206,0.169062180997737,0.02521008403361336,0.14748649382579768,0.7703400771976816,0.22956973993132063,0.540770337266361,3.3333333333333335
0.2,0.3,40,120,0.3,6,9796,0.20674629348098847,0.2125900948012356,0.21109002835429364,0.02521008403361362,0.11858541225631503,0.002695902794255529,0.995644940387866,-0.9929490375936104,3.3333333333333335
0.2,0.3,40,120,0.3,7,9797,0.16159167043304387,0.16794901304767346,0.1660461461362646,0.02521008403361336,0.15010558011708772,0.4277366318756185,0.5721622437601105,-0.144425611884492,3.3333333333333335
0.2,0.3,40,120,0.3,8,9798,0.17908808684626465,0.19703149727215719,0.1954120328442602,0.025210084033613623,0.12794951255327083,0.15722220958393462,0.8423674486776792,-0.6851452390937446,3.3333333333333335
0.2,0.3,40,120,0.3,9,9799,0.24545427294481623,0.25139080682998893,0.2501235483149297,0.02521008403361336,0.10028244211277974,0.01667460651259287,0.9807394075041153,-0.9640648009915224,3.3333333333333335
0.2,0.3,100,240,0.1,0,9800,0.19587213493687006,0.20076009692121907,0.2003673033431733,0.012552301255230257,0.06252388521288643,0.6243155535537067,0.3748811164489576,0.2494344371047491,3.3333333333333335
0.2,0.3,100,240,0.1,1,9801,0.20036255726114088,0.197345437107732,0.19694583336653698,0.012552301255230257,0.06360573337390053,0.737877172357994,0.261633783861726,0.476243388496268,3.3333333333333335
0.2,0.3,100,240,0.1,2,9802,0.19653077312946554,0.19630343769956535,0.19590170848123067,0.012552301255229992,0.06394335933352728,0.6833089275093678,0.3158308176522894,0.3674781098570784,3.3333333333333335
0.2,0.3,100,240,0.1,3,9803,0.21000515853160195,0.2085391075409132,0.20816099324118945,0.012552301255229992,0.060191593813008724,0.5785881998459573,0.4197551564188032,0.15883304342715415,3.3333333333333335
0.2,0.3,100,240,0.1,4,9804,0.1939607321930279,0.19680889374162147,0.19640819837521753,0.012552301255230257,0.06377913628085027,0.06682874257931251,0.931850031521027,-0.8650212889417145,3.3333333333333335
0.2,0.3,100,240,0.1,5,9805,0.20023810765458985,0.20310090624275806,0.20271264847026085,0.012552301255230124,0.06180327546262585,0.18652965195682158,0.8096951086488795,-0.6231654566920579,3.3333333333333335
0.2,0.3,100,240,0.1,6,9806,0.19544183384266633,0.19401371808708087,0.19360723782744085,0.012552301255229992,0.06469800887788786,0.0922704510901525,0.90659264647879,-0.8143221953886375,3.3333333333333335
0.2,0.3,100,240,0.1,7,9807,0.18349799017996882,0.1839458270680273,0.18351704833322316,0.012552301255229992,0.06823911939349332,0.3572394738166002,0.641685224209387,-0.2844457503927868,3.3333333333333335
0.2,0.3,100,240,0.1,8,9808,0.18667497152196671,0.18477008292390154,0.18434322140209933,0.012552301255229992,0.06793470596860487,0.1670896994497751,0.8320344441273976,-0.6649447446776224,3.3333333333333335
0.2,0.3,100,240,0.1,9,9809,0.18817208067950433,0.187938314906528,0.18751866558586436,0.012552301255229992,0.06678947430955172,0.2876826666272203,0.7116969690720258,-0.42401430244480554,3.3333333333333335
0.2,0.3,100,240,0.3,0,9810,0.21395797329105473,0.21695438223395885,0.21659095942286388,0.012552301255229992,0.057856868923227674,0.6999772142776586,0.2988530345055655,0.4011241797720931,3.3333333333333335
0.2,0.3,100,240,0.3,1,9811,0.19672184664697723,0.19663669479798515,0.19623564781729622,0.012552301255229992,0.06383498902951765,0.3713727267735669,0.6245596553449991,-0.2531869285714322,3.3333333333333335
0.2,0.3,100,240,0.3,2,9812,0.16184220474105268,0.1619500915275931,0.1614629117754097,0.012552301255230124,0.07750721927249704,0.4628036742767446,0.5369861950510588,-0.0741825207743142,3.3333333333333335
0.2,0.3,100,240,0.3,3,9813,0.18080399015544402,0.18537925933662458,0.1849538037602727,0.012552301255229992,0.067711465134493,0.5638194770831315,0.4355043361077454,0.1283151409753861,3.3333333333333335
0.2,0.3,100,240,0.3,4,9814,0.19019700814912455,0.1928225779286721,0.19241358136123546,0.012552301255230257,0.06509767367529717,0.3019318473674591,0.6966495192628734,-0.39471767189541435,3.3333333333333335
0.2,0.3,100,240,0.3,5,9815,0.1989693762774767,0.19788406447813756,0.19748555062987683,0.012552301255230257,0.06343260276330663,0.09166855320535931,0.9069944083127908,-0.8153258551074315,3.3333333333333335
0.2,0.3,100,240,0.3,6,9816,0.18738024687969584,0.19027308788120625,0.1898585992391369,0.012552301255229992,0.06596992457003066,0.233253757040072,0.7659424672146883,-0.5326887101746163,3.3333333333333335
0.2,0.3,100,240,0.3,7,9817,0.1954609902413472,0.195180100013619,0.19477605390428326,0.012552301255229992,0.0643113783339292,0.3555979678523845,0.6437384038308597,-0.28814043597847516,3.3333333333333335
0.2,0.3,100,240,0.3,8,9818,0.1854891793116608,0.18697779939549244,0.18655598945083204,0.012552301255230124,0.0671325756095765,0.12665952856234705,0.8724166387514706,-0.7457571101891235,3.3333333333333335
0.2,0.3,100,240,0.3,9,9819,0.20228729431523526,0.20415837686925445,0.20377213396116378,0.012552301255229992,0.061483155615351705,0.05373858091189607,0.9447097608956982,-0.8909711799838022,3.3333333333333335
