tag,cell,regime,tau_sd_true,agg_break,agg_strength,p_sync,warning,trend_confounded,tau_sd_hat,sd_corrected,operator_spread,operator_consensus,op_ls,op_maxslope,op_cusum,op_binseg
operators,op-0,synchronous,7.937915129974666e-07,5.04201680672269,41.728816684815605,0.9999776918230747,False,False,0.0,0.0,4.621848739495799,0.5378151260504201,5.04201680672269,4.957983193277311,4.957983193277311,0.4201680672268908
operators,op-1,synchronous,1.013177296217782e-06,5.04201680672269,42.403532595049796,0.9999790010138866,False,False,0.0,0.0,4.621848739495799,0.5378151260504201,5.04201680672269,4.957983193277311,4.957983193277311,0.4201680672268908
operators,op-2,synchronous,8.939736904924773e-07,5.04201680672269,42.368061705330206,0.9999780078885707,False,False,0.0,0.0,0.08403361344537874,0.9915966386554621,5.04201680672269,5.04201680672269,4.957983193277311,5.04201680672269
operators,op-3,synchronous,1.0180471973511382e-06,5.04201680672269,39.709360084562846,0.9999777898354193,False,False,0.0,0.0,4.621848739495799,0.5378151260504201,5.04201680672269,4.957983193277311,4.957983193277311,0.4201680672268908
operators,op-4,synchronous,9.862227343282029e-07,5.04201680672269,39.43174776886079,0.9999775137580809,False,False,0.0,0.0,0.08403361344537874,0.9915966386554621,5.04201680672269,4.957983193277311,4.957983193277311,5.04201680672269
operators,op-5,synchronous,1.033183039938248e-06,5.04201680672269,41.161112919380464,0.9999725715019064,False,False,0.0,0.0,0.08403361344537874,0.9915966386554621,5.04201680672269,5.04201680672269,4.957983193277311,5.04201680672269
operators,op-6,synchronous,1.0331862947444197e-06,5.04201680672269,43.237406926964155,0.9999685540052756,False,False,0.013119743694114375,0.013119743694114375,4.201680672268909,0.5798319327731092,5.04201680672269,4.957983193277311,4.957983193277311,0.8403361344537816
operators,op-7,synchronous,1.0102064388304912e-06,5.04201680672269,43.59166829897813,0.9999755324880899,False,False,0.0,0.0,0.42016806722689104,0.9579831932773109,5.04201680672269,4.957983193277311,4.957983193277311,4.621848739495799
operators,op-8,synchronous,9.323004438649662e-07,5.04201680672269,42.29035961381212,0.9999785458935312,False,False,0.0,0.0,0.08403361344537874,0.9915966386554621,5.04201680672269,4.957983193277311,4.957983193277311,5.04201680672269
operators,op-9,synchronous,1.0307768239135276e-06,5.04201680672269,39.29234006060176,0.9999735534710597,False,False,0.0,0.0,3.3613445378151265,0.6638655462184874,5.04201680672269,4.957983193277311,4.957983193277311,1.6806722689075633
operators,op-10,synchronous,9.811806628050876e-07,5.04201680672269,45.087078317931855,0.9999787425754924,False,False,0.0,0.0,1.2605042016806727,0.8739495798319328,5.04201680672269,5.04201680672269,4.957983193277311,3.781512605042017
operators,op-11,synchronous,9.882467331652067e-07,5.04201680672269,44.18404237468532,0.9999754538396618,False,False,0.0,0.0,4.621848739495799,0.5378151260504201,5.04201680672269,4.957983193277311,4.957983193277311,0.4201680672268908
operators,op-12,near_synchronous,0.03784152431222119,5.04201680672269,30.15514209773249,0.9996125024355389,False,False,0.04749014519099724,0.04749014519099724,0.42016806722689104,0.9579831932773109,5.04201680672269,4.957983193277311,4.957983193277311,4.621848739495799
operators,op-13,near_synchronous,0.04569443105073031,5.04201680672269,26.144029324323476,0.9988967826370964,False,False,0.05376673904230982,0.05376673904230982,0.8403361344537821,0.9159663865546218,5.04201680672269,5.04201680672269,4.957983193277311,4.201680672268908
operators,op-14,near_synchronous,0.045837947121457674,5.04201680672269,26.54351379711718,0.9991244259790603,False,False,0.05441946994533046,0.05441946994533046,0.42016806722689104,0.9579831932773109,5.04201680672269,4.957983193277311,4.957983193277311,4.621848739495799
operators,op-15,near_synchronous,0.052845725554632274,5.04201680672269,28.535725393458947,0.9992970473017339,False,False,0.052981177365203774,0.052981177365203774,2.521008403361345,0.7478991596638656,5.04201680672269,4.957983193277311,4.957983193277311,2.521008403361345
operators,op-16,near_synchronous,0.058070773568619186,5.04201680672269,24.447488354360146,0.9971268115097227,False,False,0.062179195743482206,0.062179195743482206,0.42016806722689104,0.9579831932773109,5.04201680672269,4.957983193277311,4.957983193277311,4.621848739495799
operators,op-17,near_synchronous,0.047040735578751575,5.04201680672269,29.260525555149005,0.9991335750145975,False,False,0.05441946994533043,0.05441946994533043,0.42016806722689104,0.9579831932773109,5.04201680672269,5.04201680672269,4.957983193277311,4.621848739495799
operators,op-18,near_synchronous,0.05273170652334648,5.04201680672269,25.873323213872077,0.9978617728046639,False,False,0.06103293716947041,0.06103293716947041,0.42016806722689104,0.9579831932773109,5.04201680672269,5.04201680672269,4.957983193277311,4.621848739495799
operators,op-19,near_synchronous,0.05014262559832366,5.04201680672269,23.74489386764243,0.9980355966170346,False,False,0.06056107271176304,0.06056107271176304,0.42016806722689104,0.9579831932773109,5.04201680672269,4.957983193277311,4.957983193277311,4.621848739495799
operators,op-20,near_synchronous,0.05765223281078441,5.04201680672269,26.234381986043047,0.998329551488063,False,False,0.06085188385697588,0.06085188385697588,0.42016806722689104,0.9579831932773109,5.04201680672269,4.957983193277311,4.957983193277311,4.621848739495799
operators,op-21,near_synchronous,0.04460111255946296,5.04201680672269,30.079233987595625,0.9990934760768431,False,False,0.052772507088573374,0.052772507088573374,0.08403361344537874,0.9915966386554621,5.04201680672269,5.04201680672269,4.957983193277311,5.04201680672269
operators,op-22,near_synchronous,0.04869261547385079,5.04201680672269,27.997947726869665,0.9986675225954529,False,False,0.05621465613554487,0.05621465613554487,0.42016806722689104,0.9579831932773109,5.04201680672269,4.957983193277311,4.957983193277311,4.621848739495799
operators,op-23,near_synchronous,0.05167451041678732,5.04201680672269,21.327109324374106,0.9993457113999537,False,False,0.05558301073665124,0.05558301073665124,0.42016806722689104,0.9579831932773109,5.04201680672269,4.957983193277311,4.957983193277311,4.621848739495799
operators,op-24,diffuse,0.33011914534049835,4.957983193277311,10.20606486071608,0.0002430171242833506,True,False,0.33163346786578374,0.33163346786578374,0.3361344537815123,0.9663865546218487,4.957983193277311,4.873949579831933,4.873949579831933,4.621848739495799
operators,op-25,diffuse,0.3362782710915413,4.957983193277311,10.123595042682274,0.0017572815412083113,True,False,0.3418564961978285,0.3418564961978285,0.3361344537815123,0.9663865546218487,4.957983193277311,4.873949579831933,4.873949579831933,4.621848739495799
operators,op-26,diffuse,0.2899228588133331,4.957983193277311,10.701802460538156,0.001707810265912986,True,False,0.2918278210787451,0.2918278210787451,0.3361344537815123,0.9663865546218487,4.957983193277311,4.789915966386555,4.873949579831933,4.621848739495799
operators,op-27,diffuse,0.34418274733377885,5.04201680672269,11.618141834632299,0.0005868288007671061,True,False,0.3403037125338964,0.3403037125338964,0.42016806722689104,0.9579831932773109,5.04201680672269,5.04201680672269,4.957983193277311,4.621848739495799
operators,op-28,diffuse,0.33951145999999216,4.957983193277311,10.567609503534877,0.0004309161244473461,True,False,0.3431772685753406,0.3431772685753406,0.3361344537815123,0.9663865546218487,4.957983193277311,4.873949579831933,4.873949579831933,4.621848739495799
operators,op-29,diffuse,0.3894507670513073,5.04201680672269,10.003211295887649,0.0005238959582417351,True,False,0.38709657843208234,0.38709657843208234,0.42016806722689104,0.9579831932773109,5.04201680672269,4.873949579831933,4.957983193277311,4.621848739495799
operators,op-30,diffuse,0.33593271932219937,5.2100840336134455,9.718211653102163,0.0001425256534061558,True,False,0.32997909257927127,0.32997909257927127,0.5882352941176467,0.9411764705882353,5.2100840336134455,4.789915966386555,5.126050420168068,4.621848739495799
operators,op-31,diffuse,0.424983652703401,4.957983193277311,9.517683829485508,0.000791648570499,True,False,0.42967706287758706,0.42967706287758706,0.3361344537815123,0.9663865546218487,4.957983193277311,4.873949579831933,4.873949579831933,4.621848739495799
operators,op-32,diffuse,0.325636035843218,5.04201680672269,10.786065224858065,0.00028108068861678817,True,False,0.330413500022479,0.330413500022479,0.42016806722689104,0.9579831932773109,5.04201680672269,4.789915966386555,4.957983193277311,4.621848739495799
operators,op-33,diffuse,0.30872536210306245,5.04201680672269,11.644119731953232,0.0020512877163045115,True,False,0.30815826131611607,0.30815826131611607,0.42016806722689104,0.9579831932773109,5.04201680672269,4.873949579831933,4.957983193277311,4.621848739495799
operators,op-34,diffuse,0.2652922791753124,5.126050420168068,12.319788772119994,0.0033124995444036524,True,False,0.26863661507371944,0.26863661507371944,0.5042016806722689,0.9495798319327731,5.126050420168068,5.04201680672269,5.04201680672269,4.621848739495799
operators,op-35,diffuse,0.3249615062780281,4.957983193277311,9.694789463741039,0.0002542372496818385,True,False,0.32845750136458945,0.32845750136458945,0.3361344537815123,0.9663865546218487,4.957983193277311,4.789915966386555,4.873949579831933,4.621848739495799
operators,op-36,two_cluster,2.1694786833552184,6.722689075630253,3.36074993684156,1.0891391270956576e-11,True,False,2.172146998513431,2.172146998513431,4.537815126050421,0.5462184873949579,6.722689075630253,2.184873949579832,5.966386554621849,2.9411764705882355
operators,op-37,two_cluster,2.2790823211728366,3.025210084033614,3.490457615860988,2.4501826610644457e-13,True,False,2.2786129181439074,2.2786129181439074,1.1764705882352944,0.8823529411764706,3.025210084033614,2.4369747899159666,3.613445378151261,2.521008403361345
operators,op-38,two_cluster,2.2810381423454764,7.3109243697479,3.2485938538920713,1.111719711958654e-11,True,False,2.28341050330139,2.28341050330139,4.369747899159664,0.5630252100840336,7.3109243697479,3.19327731092437,6.1344537815126055,2.9411764705882355
operators,op-39,two_cluster,2.285111628703799,7.058823529411765,3.7697418303642594,1.3667209258281745e-10,True,False,2.281829836960743,2.281829836960743,4.201680672268909,0.5798319327731092,7.058823529411765,2.857142857142857,6.470588235294118,2.9411764705882355
operators,op-40,two_cluster,2.2934207523731094,6.806722689075631,3.1003975374234596,7.100116803390052e-13,True,False,2.285435250825165,2.285435250825165,4.453781512605042,0.5546218487394958,6.806722689075631,2.3529411764705883,5.294117647058824,2.9411764705882355
operators,op-41,two_cluster,2.24994112842446,6.9747899159663875,3.2233838595928255,1.9964780854073015e-11,True,False,2.25231150243879,2.25231150243879,4.117647058823531,0.588235294117647,6.9747899159663875,2.857142857142857,6.050420168067228,2.9411764705882355
operators,op-42,two_cluster,2.2773108080901463,3.3613445378151265,3.341121707820683,2.2004426683200583e-13,True,False,2.280393236400066,2.280393236400066,4.873949579831933,0.5126050420168067,3.3613445378151265,6.9747899159663875,3.9495798319327733,2.100840336134454
operators,op-43,two_cluster,2.345978750195489,6.890756302521009,3.647528117594638,1.521047666341409e-11,True,False,2.342480310109001,2.342480310109001,4.453781512605042,0.5546218487394958,6.890756302521009,2.4369747899159666,6.1344537815126055,2.521008403361345
operators,op-44,two_cluster,2.1291273613972095,3.5294117647058827,3.281016401461513,6.986882541687612e-12,True,False,2.1341797862251926,2.1341797862251926,2.100840336134454,0.7899159663865546,3.5294117647058827,3.19327731092437,4.621848739495799,2.521008403361345
operators,op-45,two_cluster,2.157039488656331,6.722689075630253,3.363582409986628,1.1274629464976563e-11,True,False,2.1551140643087745,2.1551140643087745,3.9495798319327733,0.6050420168067226,6.722689075630253,6.890756302521009,6.38655462184874,2.9411764705882355
operators,op-46,two_cluster,2.327891521390246,6.890756302521009,3.8311060455931614,2.965898219611768e-11,True,False,2.3256890824772625,2.3256890824772625,4.201680672268908,0.5798319327731092,6.890756302521009,7.142857142857143,6.218487394957983,2.9411764705882355
operators,op-47,two_cluster,2.25271211056903,3.19327731092437,3.2881965318978805,3.3689388029114444e-12,True,False,2.2545883352714893,2.2545883352714893,4.621848739495798,0.5378151260504203,3.19327731092437,7.142857142857143,4.033613445378151,2.521008403361345
operators,op-48,no_transition,0.0,0.16806722689075632,-1.3462833759110062,4.392644562303636e-08,False,False,3.4018820054927317,2.256028236410415,6.1344537815126055,0.38655462184873945,0.16806722689075632,6.302521008403362,6.302521008403362,5.882352941176471
operators,op-49,no_transition,0.0,2.0168067226890756,0.3604396235574519,1.2052753205019206e-08,False,False,3.7668623775573247,2.9169256659563323,4.621848739495799,0.5378151260504201,2.0168067226890756,4.705882352941177,6.638655462184874,6.302521008403362
operators,op-50,no_transition,0.0,9.495798319327731,1.0505096392764592,1.5059590018541944e-08,False,False,3.7077296554356236,2.635086214454052,9.495798319327731,0.050420168067226934,9.495798319327731,0.0,5.966386554621849,0.8403361344537816
operators,op-51,no_transition,0.0,6.38655462184874,0.46640764445692173,1.6615907077186522e-07,False,False,2.8030713619340175,1.638729231182973,8.739495798319327,0.12605042016806733,6.38655462184874,10.0,6.302521008403362,1.2605042016806725
operators,op-52,no_transition,0.0,7.899159663865547,0.6397649528315215,3.2218851258300237e-08,False,False,3.314350459379188,1.9661486683654543,7.0588235294117645,0.2941176470588236,7.899159663865547,0.8403361344537816,6.638655462184874,0.8403361344537816
operators,op-53,no_transition,0.0,9.411764705882353,0.7244350177759729,1.0122253111981261e-06,False,False,3.2874432629933876,1.6973369461837777,8.571428571428571,0.1428571428571429,9.411764705882353,4.2857142857142865,4.789915966386555,0.8403361344537816
operators,op-54,no_transition,0.0,7.731092436974791,-0.27882079906016577,2.1968957417586736e-08,False,False,3.539894770901311,2.3953252717027214,7.3109243697479,0.26890756302521,7.731092436974791,3.8655462184873954,7.647058823529412,0.4201680672268908
operators,op-55,no_transition,0.0,8.23529411764706,0.36984985128853626,1.429036994720044e-09,False,False,3.6652313197224484,2.4616749537406606,4.033613445378152,0.5966386554621848,8.23529411764706,6.890756302521009,8.151260504201682,4.201680672268908
operators,op-56,no_transition,0.0,1.6806722689075633,-0.6481994690549319,7.114029121877019e-09,False,False,3.6278386147426147,2.432570375897642,1.7647058823529411,0.8235294117647058,1.6806722689075633,3.4453781512605044,1.7647058823529413,1.6806722689075633
operators,op-57,no_transition,0.0,0.9243697478991597,0.5561001430327074,6.772536093872656e-10,False,False,3.3366715271605374,2.0818866320577785,9.07563025210084,0.09243697478991597,0.9243697478991597,10.0,3.1092436974789917,3.3613445378151265
operators,op-58,no_transition,0.0,1.3445378151260505,-0.4000145801768733,2.4036295436672965e-09,False,False,3.69350435722412,2.52961111699856,6.302521008403362,0.3697478991596638,1.3445378151260505,3.8655462184873954,7.647058823529412,7.563025210084034
operators,op-59,no_transition,0.0,3.2773109243697482,0.2576481764724058,4.047611048051427e-09,False,False,3.5295361872826523,2.33802096050126,3.2773109243697482,0.6722689075630252,3.2773109243697482,0.0,3.19327731092437,2.100840336134454
