tag,cell,regime,tau_sd_true,agg_break,agg_strength,p_sync,warning,trend_confounded,tau_sd_hat,sd_corrected,operator_spread,operator_consensus,trend_kind,trend_scale
raw,trend-0,synchronous,9.348822151017936e-07,5.04201680672269,29.97822640770704,0.9997993488928418,False,False,8.881784197001252e-16,0.0,1.6806722689075633,0.8319327731092436,linear,0.6
detrended,trend-0,synchronous,9.348822151017936e-07,5.04201680672269,1.1332831560764804,0.0,False,False,8.881784197001252e-16,0.0,2.521008403361345,0.7478991596638656,linear,0.6
raw,trend-1,synchronous,1.0158433595413497e-06,5.04201680672269,36.659675262508856,0.9989840351778629,False,False,8.881784197001252e-16,0.0,0.8403361344537821,0.9159663865546218,linear,0.6
detrended,trend-1,synchronous,1.0158433595413497e-06,5.04201680672269,1.1365060199963013,0.0,False,False,8.881784197001252e-16,0.0,2.521008403361345,0.7478991596638656,linear,0.6
raw,trend-2,synchronous,1.0366531404392658e-06,5.04201680672269,35.485990380756455,0.8587433804358205,False,False,8.881784197001252e-16,0.0,2.521008403361345,0.7478991596638656,linear,0.6
detrended,trend-2,synchronous,1.0366531404392658e-06,5.04201680672269,1.135734555536793,0.0,False,False,8.881784197001252e-16,0.0,2.521008403361345,0.7478991596638656,linear,0.6
raw,trend-3,synchronous,8.524056980362638e-07,5.04201680672269,35.00921628479597,0.020756500632851133,True,False,8.881784197001252e-16,0.0,0.8403361344537821,0.9159663865546218,linear,0.6
detrended,trend-3,synchronous,8.524056980362638e-07,5.04201680672269,1.1359876318591164,0.0,False,False,8.881784197001252e-16,0.0,2.521008403361345,0.7478991596638656,linear,0.6
raw,trend-4,synchronous,7.679264829775748e-07,5.04201680672269,35.34254196517955,0.999928226688774,False,False,8.881784197001252e-16,0.0,2.521008403361345,0.7478991596638656,linear,0.6
detrended,trend-4,synchronous,7.679264829775748e-07,5.04201680672269,1.1357924152049124,0.0,False,False,8.881784197001252e-16,0.0,2.521008403361345,0.7478991596638656,linear,0.6
raw,trend-5,synchronous,8.450055274411218e-07,5.04201680672269,27.380760807641895,0.9998579467905233,False,False,8.881784197001252e-16,0.0,2.521008403361345,0.7478991596638656,linear,0.6
detrended,trend-5,synchronous,8.450055274411218e-07,5.04201680672269,1.136381836563863,0.0,False,False,8.881784197001252e-16,0.0,2.521008403361345,0.7478991596638656,linear,0.6
raw,trend-6,synchronous,8.071324769235403e-07,5.04201680672269,34.58174081621136,0.9989023565046746,False,False,8.881784197001252e-16,0.0,2.521008403361345,0.7478991596638656,linear,0.6
detrended,trend-6,synchronous,8.071324769235403e-07,5.04201680672269,1.138089396575095,0.0,False,False,8.881784197001252e-16,0.0,2.521008403361345,0.7478991596638656,linear,0.6
raw,trend-7,synchronous,9.970468512415623e-07,5.04201680672269,26.9013800790365,0.9997629811145469,False,False,8.881784197001252e-16,0.0,2.941176470588236,0.7058823529411764,linear,0.6
detrended,trend-7,synchronous,9.970468512415623e-07,5.04201680672269,1.136727282013386,0.0,False,False,8.881784197001252e-16,0.0,2.521008403361345,0.7478991596638656,linear,0.6
raw,trend-8,synchronous,1.1131515542892647e-06,5.04201680672269,31.331832382963412,5.472258142538397e-09,True,True,0.5882953150651139,0.5882953150651139,2.1008403361344543,0.7899159663865546,linear,0.6
detrended,trend-8,synchronous,1.1131515542892647e-06,5.04201680672269,1.1342049962418932,0.0,False,False,8.881784197001252e-16,0.0,2.521008403361345,0.7478991596638656,linear,0.6
raw,trend-9,synchronous,1.2113796092539326e-06,5.04201680672269,30.571535468248936,0.07869874754478712,True,True,0.5430418292908743,0.5430418292908743,0.08403361344537874,0.9915966386554621,linear,0.6
detrended,trend-9,synchronous,1.2113796092539326e-06,5.04201680672269,1.134876681959639,0.0,False,False,8.881784197001252e-16,0.0,2.521008403361345,0.7478991596638656,linear,0.6
raw,trend-10,synchronous,1.0908729644846619e-06,5.04201680672269,34.222580450775816,0.9991725640592626,False,False,8.881784197001252e-16,0.0,2.1008403361344543,0.7899159663865546,linear,0.6
detrended,trend-10,synchronous,1.0908729644846619e-06,5.04201680672269,1.1354139365954912,0.0,False,False,8.881784197001252e-16,0.0,2.1008403361344543,0.7899159663865546,linear,0.6
raw,trend-11,synchronous,1.063995296855585e-06,5.04201680672269,36.13657219649829,0.00014707616665515544,True,True,0.6486332960974334,0.6486332960974334,2.941176470588236,0.7058823529411764,linear,0.6
detrended,trend-11,synchronous,1.063995296855585e-06,5.04201680672269,1.1361809061455599,0.0,False,False,8.881784197001252e-16,0.0,2.521008403361345,0.7478991596638656,linear,0.6
raw,trend-12,synchronous,8.786006246924558e-07,5.04201680672269,28.55719373952444,1.034840214542812e-15,True,False,1.3521754361722462,1.3521754361722462,2.941176470588236,0.7058823529411764,nonlinear,0.5
detrended,trend-12,synchronous,8.786006246924558e-07,5.04201680672269,1.1346604071045612,3.111028068833958e-54,False,False,3.2171987190752764,3.2088882628712163,2.1008403361344543,0.7899159663865546,nonlinear,0.5
raw,trend-13,synchronous,1.0051897371105281e-06,5.04201680672269,28.132843250234565,5.083021855074316e-19,True,False,1.5686674664763998,1.5686674664763998,0.8403361344537821,0.9159663865546218,nonlinear,0.5
detrended,trend-13,synchronous,1.0051897371105281e-06,5.04201680672269,1.1303764034668593,1.214045158961618e-47,False,False,3.0121827607680483,2.9936759616562165,2.941176470588236,0.7058823529411764,nonlinear,0.5
raw,trend-14,synchronous,8.773780086215546e-07,5.04201680672269,25.606642021402177,5.680443140620342e-11,True,False,1.223535055034646,1.223535055034646,2.521008403361345,0.7478991596638656,nonlinear,0.5
detrended,trend-14,synchronous,8.773780086215546e-07,5.04201680672269,1.1307388891011103,5.038590924129943e-52,False,False,3.2174328404749217,3.212644635462399,2.521008403361345,0.7478991596638656,nonlinear,0.5
raw,trend-15,synchronous,9.318989831131566e-07,5.04201680672269,26.250674709176096,1.6354422697461613e-10,True,False,1.1375584311591085,1.1375584311591085,3.7815126050420176,0.6218487394957982,nonlinear,0.5
detrended,trend-15,synchronous,9.318989831131566e-07,5.04201680672269,1.1275477071928979,1.7165795431422097e-42,False,False,2.663900891352433,2.643508924086515,2.521008403361345,0.7478991596638656,nonlinear,0.5
raw,trend-16,synchronous,1.0373249613973722e-06,5.04201680672269,21.787594549371928,0.0005772024813162682,True,False,0.7119531309771767,0.7119531309771767,3.3613445378151265,0.6638655462184874,nonlinear,0.5
detrended,trend-16,synchronous,1.0373249613973722e-06,5.04201680672269,1.1219264568745095,1.4476933285890016e-52,False,False,3.0503880154592067,3.038571254729992,2.521008403361345,0.7478991596638656,nonlinear,0.5
raw,trend-17,synchronous,9.123719575478599e-07,5.04201680672269,31.22153796141029,1.1001123817346091e-07,True,False,0.9947133282366136,0.9947133282366136,1.6806722689075633,0.8319327731092436,nonlinear,0.5
detrended,trend-17,synchronous,9.123719575478599e-07,5.04201680672269,1.1326070447954015,5.014955377084645e-48,False,False,3.007959948335241,2.994402969104781,2.941176470588236,0.7058823529411764,nonlinear,0.5
raw,trend-18,synchronous,1.04944809347705e-06,5.04201680672269,20.063262630795677,1.3349089489407108e-16,True,False,1.494656978087548,1.4946038254539413,4.201680672268909,0.5798319327731092,nonlinear,0.5
detrended,trend-18,synchronous,1.04944809347705e-06,5.04201680672269,1.1155009075958469,4.521980697463409e-40,False,False,2.7680527138627338,2.7520272420011143,1.6806722689075633,0.8319327731092436,nonlinear,0.5
raw,trend-19,synchronous,1.0333260686989098e-06,5.04201680672269,19.8251908882613,3.868201960314873e-18,True,False,1.4236196929493627,1.4236196929493627,4.201680672268909,0.5798319327731092,nonlinear,0.5
detrended,trend-19,synchronous,1.0333260686989098e-06,5.04201680672269,1.1282014562346403,9.779178678996467e-49,False,False,2.944562543330587,2.9316952414270503,2.521008403361345,0.7478991596638656,nonlinear,0.5
raw,trend-20,synchronous,8.398617372082561e-07,5.04201680672269,9.482866417821008,4.379030742823222e-31,True,False,2.0712405904821667,2.071087162657316,3.7815126050420176,0.6218487394957982,nonlinear,0.5
detrended,trend-20,synchronous,8.398617372082561e-07,5.04201680672269,1.037176811542032,3.4403967347018882e-43,False,False,3.003351103527857,2.9893561160013276,1.6806722689075633,0.8319327731092436,nonlinear,0.5
raw,trend-21,synchronous,7.841628501538687e-07,5.04201680672269,37.01146008973269,4.287896720631089e-18,True,False,1.3207780451699442,1.3207780451699442,1.6806722689075633,0.8319327731092436,nonlinear,0.5
detrended,trend-21,synchronous,7.841628501538687e-07,5.04201680672269,1.1362003034552506,7.81860448693924e-40,False,False,2.6811273757606155,2.6506479109455707,2.521008403361345,0.7478991596638656,nonlinear,0.5
raw,trend-22,synchronous,9.988132976275486e-07,5.04201680672269,25.70817902259351,6.152132128368009e-18,True,False,1.4940479062494183,1.4940479062494183,4.201680672268909,0.5798319327731092,nonlinear,0.5
detrended,trend-22,synchronous,9.988132976275486e-07,5.04201680672269,1.1289016309172568,4.378294383390449e-46,False,False,2.871174420870533,2.8470756252724594,2.941176470588236,0.7058823529411764,nonlinear,0.5
raw,trend-23,synchronous,7.143756227157425e-07,5.04201680672269,31.389023186326426,5.211687455561043e-11,True,False,0.8306113301412268,0.8306113301412268,2.1008403361344543,0.7899159663865546,nonlinear,0.5
detrended,trend-23,synchronous,7.143756227157425e-07,5.04201680672269,1.1334208154501522,1.8355297775061252e-47,False,False,2.9071649582055157,2.8937508396592566,2.521008403361345,0.7478991596638656,nonlinear,0.5
raw,trend-24,synchronous,8.28997992794838e-07,5.04201680672269,12.404281654531191,7.43810150517298e-18,True,False,1.3296591562872657,1.3296591562872657,0.8403361344537821,0.9159663865546218,local_drift,0.5
detrended,trend-24,synchronous,8.28997992794838e-07,5.04201680672269,1.1276643104742732,3.977420980855611e-43,False,False,2.7760573413477725,2.771273511815495,2.521008403361345,0.7478991596638656,local_drift,0.5
raw,trend-25,synchronous,8.892719084863823e-07,5.04201680672269,15.876424740029883,1.7713050309984442e-09,True,False,0.9830456288220212,0.9830456288220212,2.521008403361345,0.7478991596638656,local_drift,0.5
detrended,trend-25,synchronous,8.892719084863823e-07,5.04201680672269,1.098153472598283,2.3353833274026655e-37,False,False,2.3380481048338986,2.294087249745589,2.521008403361345,0.7478991596638656,local_drift,0.5
raw,trend-26,synchronous,8.684905023021802e-07,5.04201680672269,15.689096922465442,2.683621886691205e-12,True,False,1.160745919354647,1.160745919354647,2.1008403361344543,0.7899159663865546,local_drift,0.5
detrended,trend-26,synchronous,8.684905023021802e-07,5.04201680672269,1.1271176365102342,2.9693064221216345e-37,False,False,2.6618442024243376,2.6468139103331656,2.941176470588236,0.7058823529411764,local_drift,0.5
raw,trend-27,synchronous,8.09910660670344e-07,5.04201680672269,27.5225250996919,2.491489100900414e-16,True,False,1.3723803703624968,1.3723803703624968,2.1008403361344543,0.7899159663865546,local_drift,0.5
detrended,trend-27,synchronous,8.09910660670344e-07,5.04201680672269,1.1291110811791978,2.911952028006734e-36,False,False,2.4588732457655826,2.4302678244574842,2.521008403361345,0.7478991596638656,local_drift,0.5
raw,trend-28,synchronous,9.334327112519327e-07,5.04201680672269,6.082435797017734,2.7977042850857976e-19,True,False,1.4249308254850397,1.4248750718337488,2.1008403361344543,0.7899159663865546,local_drift,0.5
detrended,trend-28,synchronous,9.334327112519327e-07,5.04201680672269,1.134716811647173,4.6732239561197005e-37,False,False,2.3394705773670847,2.320893153936986,2.521008403361345,0.7478991596638656,local_drift,0.5
raw,trend-29,synchronous,9.35586540175849e-07,5.04201680672269,5.487905114948873,3.320142483455288e-17,True,False,1.4091501288208403,1.4091501288208403,2.1008403361344543,0.7899159663865546,local_drift,0.5
detrended,trend-29,synchronous,9.35586540175849e-07,5.04201680672269,1.1165354326031376,3.464145874009546e-30,False,False,2.1404372927997772,2.1022777566033697,2.1008403361344543,0.7899159663865546,local_drift,0.5
raw,trend-30,synchronous,8.769734011791483e-07,5.04201680672269,14.406886866660347,5.566276158624165e-15,True,False,1.2380318627074187,1.2380318627074187,3.3613445378151265,0.6638655462184874,local_drift,0.5
detrended,trend-30,synchronous,8.769734011791483e-07,5.04201680672269,1.0912161501102309,1.3108276937202453e-45,False,False,2.9356757952793786,2.9317856185489584,2.941176470588236,0.7058823529411764,local_drift,0.5
raw,trend-31,synchronous,9.702700291612519e-07,5.04201680672269,10.523617253634107,0.581711241587523,False,False,0.472252625562075,0.472252625562075,0.08403361344537874,0.9915966386554621,local_drift,0.5
detrended,trend-31,synchronous,9.702700291612519e-07,5.04201680672269,1.0965040244475686,8.91818938349798e-36,False,False,2.3253619118854845,2.286438972395859,2.941176470588236,0.7058823529411764,local_drift,0.5
raw,trend-32,synchronous,1.082801176940485e-06,5.04201680672269,17.512353578512357,3.4930741389551093e-10,True,False,1.0057114708589157,1.0057114708589157,0.08403361344537874,0.9915966386554621,local_drift,0.5
detrended,trend-32,synchronous,1.082801176940485e-06,5.04201680672269,1.1116678686927157,3.8915577611837983e-41,False,False,2.6794602249252426,2.6636506975084724,2.1008403361344543,0.7899159663865546,local_drift,0.5
raw,trend-33,synchronous,9.97381121990953e-07,5.04201680672269,10.284572352656552,3.367568071193228e-08,True,False,0.9216878163582882,0.9216878163582882,1.6806722689075633,0.8319327731092436,local_drift,0.5
detrended,trend-33,synchronous,9.97381121990953e-07,5.04201680672269,1.1179671670305977,6.66103977371366e-38,False,False,2.4429319635217155,2.428529384642265,2.941176470588236,0.7058823529411764,local_drift,0.5
raw,trend-34,synchronous,9.01092292956935e-07,5.04201680672269,33.77461610419412,0.00026976320885934915,True,False,0.6959022822957299,0.6959022822957299,0.08403361344537874,0.9915966386554621,local_drift,0.5
detrended,trend-34,synchronous,9.01092292956935e-07,5.04201680672269,1.1344022940354157,3.983035147713702e-34,False,False,2.429196511687477,2.413938837419214,2.941176470588236,0.7058823529411764,local_drift,0.5
raw,trend-35,synchronous,1.0140536487999732e-06,5.04201680672269,7.054218077388131,9.388355177555567e-08,True,False,0.911393514135351,0.911393514135351,0.08403361344537874,0.9915966386554621,local_drift,0.5
detrended,trend-35,synchronous,1.0140536487999732e-06,5.04201680672269,1.1136343957942996,3.512009706879795e-33,False,False,2.3805255837607846,2.3637806082414907,2.521008403361345,0.7478991596638656,local_drift,0.5
raw,trend-36,synchronous,8.516765192473403e-07,5.04201680672269,23.464179239353502,0.8138059124251352,False,False,0.3620278861939162,0.36180837925314785,2.521008403361345,0.7478991596638656,mixed,0.7
detrended,trend-36,synchronous,8.516765192473403e-07,5.04201680672269,1.124825456100251,3.4740100050837547e-44,False,False,2.8272187559169355,2.769152028465835,2.521008403361345,0.7478991596638656,mixed,0.7
raw,trend-37,synchronous,1.0012816867052298e-06,5.04201680672269,20.486013573269535,1.420468482121063e-07,True,False,0.7648700329661744,0.7644544584163891,2.941176470588236,0.7058823529411764,mixed,0.7
detrended,trend-37,synchronous,1.0012816867052298e-06,5.04201680672269,1.1187409784913676,2.9975054596307398e-34,False,False,2.391973175663299,2.3122763377179893,2.521008403361345,0.7478991596638656,mixed,0.7
raw,trend-38,synchronous,9.947320958126913e-07,5.04201680672269,19.027346569867635,0.00013460941977954215,True,False,0.7413396925149984,0.7413396925149984,2.1008403361344543,0.7899159663865546,mixed,0.7
detrended,trend-38,synchronous,9.947320958126913e-07,5.04201680672269,1.119136429446921,8.735593356962075e-26,False,False,1.8378445629820073,1.7750044636841404,2.521008403361345,0.7478991596638656,mixed,0.7
raw,trend-39,synchronous,9.530965716543525e-07,5.04201680672269,32.893055715654675,2.40175605368356e-08,True,False,0.9010033716759805,0.9010033716759805,3.3613445378151265,0.6638655462184874,mixed,0.7
detrended,trend-39,synchronous,9.530965716543525e-07,5.04201680672269,1.1342839145693888,5.570515343920928e-32,False,False,2.2250930855191435,2.1676057528982633,2.521008403361345,0.7478991596638656,mixed,0.7
raw,trend-40,synchronous,1.031400348271024e-06,5.04201680672269,18.458504767701232,2.483538409781292e-07,True,False,0.9082716740898475,0.9082716740898475,2.521008403361345,0.7478991596638656,mixed,0.7
detrended,trend-40,synchronous,1.031400348271024e-06,5.04201680672269,1.1280702367599271,1.273844273442753e-32,False,False,2.2774745755883847,2.1882712694922097,2.941176470588236,0.7058823529411764,mixed,0.7
raw,trend-41,synchronous,9.286969426317754e-07,5.04201680672269,26.168452514119675,0.0002859009296634359,True,False,0.5750762360137602,0.5750762360137602,2.521008403361345,0.7478991596638656,mixed,0.7
detrended,trend-41,synchronous,9.286969426317754e-07,5.04201680672269,1.128998028894006,1.5816502837255176e-23,False,False,1.7052382956237717,1.630230731993052,2.521008403361345,0.7478991596638656,mixed,0.7
raw,trend-42,synchronous,9.770305053222824e-07,5.04201680672269,21.4410132152484,1.124493916509822e-13,True,False,1.1692757184735074,1.1690039167918793,3.7815126050420176,0.6218487394957982,mixed,0.7
detrended,trend-42,synchronous,9.770305053222824e-07,5.04201680672269,1.1345122933721916,7.148988601539507e-43,False,False,2.7531238075701094,2.7025931563597387,2.521008403361345,0.7478991596638656,mixed,0.7
raw,trend-43,synchronous,1.1377089541907402e-06,5.04201680672269,22.664632806247184,0.045199434991819526,True,False,0.46761935300047497,0.46761935300047497,2.941176470588236,0.7058823529411764,mixed,0.7
detrended,trend-43,synchronous,1.1377089541907402e-06,5.04201680672269,1.1357815716199535,1.5979427268794646e-24,False,False,1.7825693182288576,1.7040335110788927,2.941176470588236,0.7058823529411764,mixed,0.7
raw,trend-44,synchronous,1.0571170304741751e-06,5.04201680672269,24.79633542369566,0.007379501220709113,True,False,0.37711238145199616,0.37711238145199616,2.1008403361344543,0.7899159663865546,mixed,0.7
detrended,trend-44,synchronous,1.0571170304741751e-06,5.04201680672269,1.1334698896290283,1.791953975411667e-21,False,False,1.6649804336177314,1.6001743304270908,2.521008403361345,0.7478991596638656,mixed,0.7
raw,trend-45,synchronous,8.314262801645777e-07,5.04201680672269,27.00457573559088,0.8894622580156456,False,False,0.37711238145199616,0.37711238145199616,1.2605042016806727,0.8739495798319328,mixed,0.7
detrended,trend-45,synchronous,8.314262801645777e-07,5.04201680672269,1.136287595773601,6.894594468566494e-29,False,False,2.0379551772602382,1.9829509515237662,2.521008403361345,0.7478991596638656,mixed,0.7
raw,trend-46,synchronous,7.978530214293984e-07,5.04201680672269,12.697875567420107,4.019042610647713e-09,True,False,1.055725166021933,1.055725166021933,2.521008403361345,0.7478991596638656,mixed,0.7
detrended,trend-46,synchronous,7.978530214293984e-07,5.04201680672269,1.09969531494133,7.123154397932574e-45,False,False,2.823657237780596,2.787659052804772,3.7815126050420176,0.6218487394957982,mixed,0.7
raw,trend-47,synchronous,8.571208199829001e-07,5.04201680672269,20.33786843497655,8.857822215036263e-12,True,False,1.12121822278343,1.1211473658789854,4.621848739495799,0.5378151260504201,mixed,0.7
detrended,trend-47,synchronous,8.571208199829001e-07,5.04201680672269,1.117406705045054,4.378236055649661e-42,False,False,2.689293000084734,2.666383176066394,2.1008403361344543,0.7899159663865546,mixed,0.7
raw,trend-48,near_synchronous,0.1922903909835465,5.04201680672269,12.806523084885933,0.007005152251412292,True,False,0.19848463572052522,0.19848463572052522,0.42016806722689104,0.9579831932773109,linear,0.6
detrended,trend-48,near_synchronous,0.1922903909835465,5.04201680672269,1.0750311526521679,5.816826679955227e-07,False,False,0.19848463572052522,0.0,2.521008403361345,0.7478991596638656,linear,0.6
raw,trend-49,near_synchronous,0.18740431789371523,4.957983193277311,13.091571587016663,0.05992097194798301,True,True,0.6063374450374874,0.6063374450374874,0.3361344537815123,0.9663865546218487,linear,0.6
detrended,trend-49,near_synchronous,0.18740431789371523,4.957983193277311,1.0771985323594622,2.427732500893743e-07,False,False,0.19006381460714142,0.0,2.436974789915966,0.7563025210084033,linear,0.6
raw,trend-50,near_synchronous,0.16260104417117097,5.04201680672269,15.848492621965502,8.174911182827978e-06,True,True,0.5750421252820771,0.5750421252820771,0.42016806722689104,0.9579831932773109,linear,0.6
detrended,trend-50,near_synchronous,0.16260104417117097,5.04201680672269,1.0977792703478755,3.9337927725319985e-11,False,False,0.17029337987194026,0.0,2.941176470588236,0.7058823529411764,linear,0.6
raw,trend-51,near_synchronous,0.19773019940437078,5.04201680672269,12.157601686686503,0.017061446932484972,True,False,0.19639829852053897,0.19639829852053897,0.42016806722689104,0.9579831932773109,linear,0.6
detrended,trend-51,near_synchronous,0.19773019940437078,5.04201680672269,1.0844737225113854,5.728112872371041e-09,False,False,0.19639829852053897,0.0,2.521008403361345,0.7478991596638656,linear,0.6
raw,trend-52,near_synchronous,0.25229525778936596,5.04201680672269,12.037505148985606,0.14272218143774454,True,False,0.248669457926792,0.248669457926792,0.42016806722689104,0.9579831932773109,linear,0.6
detrended,trend-52,near_synchronous,0.25229525778936596,4.957983193277311,1.067841122637642,1.7876662591750682e-07,False,False,0.248669457926792,0.0,2.857142857142857,0.7142857142857143,linear,0.6
raw,trend-53,near_synchronous,0.17551078403964696,5.126050420168068,11.950838697626564,0.5191259222814256,False,False,0.17321708497188018,0.17321708497188018,0.1680672268907566,0.9831932773109243,linear,0.6
detrended,trend-53,near_synchronous,0.17551078403964696,5.126050420168068,1.090955316757566,1.610496780844211e-08,False,False,0.17321708497188018,0.0,2.6050420168067228,0.7394957983193278,linear,0.6
raw,trend-54,near_synchronous,0.15589560395752877,5.04201680672269,14.0058834418727,0.18625344349934037,True,False,0.16306755829499026,0.16306755829499026,0.42016806722689104,0.9579831932773109,linear,0.6
detrended,trend-54,near_synchronous,0.15589560395752877,5.04201680672269,1.0854462445989697,3.427254410546764e-13,False,False,0.16306755829499026,0.0,2.941176470588236,0.7058823529411764,linear,0.6
raw,trend-55,near_synchronous,0.143160887969959,5.126050420168068,14.552833591350886,0.0022849218770812007,True,True,0.7363484504491993,0.7363484504491993,0.5042016806722689,0.9495798319327731,linear,0.6
detrended,trend-55,near_synchronous,0.143160887969959,5.126050420168068,1.0901363302641105,2.955067999896215e-11,False,False,0.15517802783713763,0.0,2.6050420168067228,0.7394957983193278,linear,0.6
raw,trend-56,near_synchronous,0.1963716244853318,5.04201680672269,13.19878666019439,0.07404501923044329,True,False,0.20168067226890757,0.20168067226890757,0.42016806722689104,0.9579831932773109,linear,0.6
detrended,trend-56,near_synchronous,0.1963716244853318,5.04201680672269,1.0870393128684326,2.07009672588168e-08,False,False,0.20168067226890757,0.0,2.521008403361345,0.7478991596638656,linear,0.6
raw,trend-57,near_synchronous,0.19179197090557829,4.957983193277311,13.714825812861966,0.01305597330173993,True,False,0.18850937096236678,0.18850937096236678,0.3361344537815123,0.9663865546218487,linear,0.6
detrended,trend-57,near_synchronous,0.19179197090557829,4.957983193277311,1.0830975293764624,1.533487784322004e-08,False,False,0.18850937096236678,0.0,2.436974789915966,0.7563025210084033,linear,0.6
raw,trend-58,near_synchronous,0.18721282139838263,5.04201680672269,15.51629838698382,0.0002573017759688671,True,True,0.6232414313543543,0.6232414313543543,0.42016806722689104,0.9579831932773109,linear,0.6
detrended,trend-58,near_synchronous,0.18721282139838263,5.04201680672269,1.0972060555485545,1.464192394067783e-10,False,False,0.18498002219718832,0.0,2.521008403361345,0.7478991596638656,linear,0.6
raw,trend-59,near_synchronous,0.17326477641737842,5.04201680672269,16.135016234383894,0.05152539702760025,True,False,0.17269537974003746,0.17269537974003746,0.42016806722689104,0.9579831932773109,linear,0.6
detrended,trend-59,near_synchronous,0.17326477641737842,5.04201680672269,1.1007675450413408,2.6987815164368416e-09,False,False,0.17269537974003746,0.0,2.521008403361345,0.7478991596638656,linear,0.6
raw,trend-60,near_synchronous,0.19718451225907718,5.126050420168068,10.502751510258978,3.9227204925223834e-07,True,False,1.5371006488500394,1.5371006488500394,3.4453781512605044,0.6554621848739496,nonlinear,0.5
detrended,trend-60,near_synchronous,0.19718451225907718,5.126050420168068,1.0477434828299697,3.2812727926223285e-23,False,False,3.1343974582093503,3.1275132697120696,3.025210084033614,0.6974789915966386,nonlinear,0.5
raw,trend-61,near_synchronous,0.16462170877110235,5.04201680672269,12.362361275152336,1.5920236667465672e-07,True,False,1.780428823134222,1.780428823134222,3.7815126050420176,0.6218487394957982,nonlinear,0.5
detrended,trend-61,near_synchronous,0.16462170877110235,5.04201680672269,1.0681868145258415,8.08371427637292e-16,False,False,2.9036366466284296,2.8959579081201783,2.1008403361344543,0.7899159663865546,nonlinear,0.5
raw,trend-62,near_synchronous,0.24040833258780306,5.126050420168068,11.758197037006656,4.8283396764626194e-08,True,False,1.3326063738643048,1.3326063738643048,0.08403361344537785,0.9915966386554622,nonlinear,0.5
detrended,trend-62,near_synchronous,0.24040833258780306,5.126050420168068,1.0611610522439652,1.5177948565946325e-22,False,False,2.8035577631494006,2.7851794454582657,2.6050420168067228,0.7394957983193278,nonlinear,0.5
raw,trend-63,near_synchronous,0.20509416163545574,5.04201680672269,11.32996489800687,4.075383444560022e-06,True,False,1.5037086652731821,1.5037086652731821,0.42016806722689104,0.9579831932773109,nonlinear,0.5
detrended,trend-63,near_synchronous,0.20509416163545574,5.04201680672269,1.0546473572618473,1.4581825968587668e-15,False,False,2.9943178383236524,2.9799970955393813,2.1008403361344543,0.7899159663865546,nonlinear,0.5
raw,trend-64,near_synchronous,0.2218567747611329,4.957983193277311,11.553472881472802,1.6708055797667306e-09,True,False,2.069171198940607,2.069017617660209,0.3361344537815123,0.9663865546218487,nonlinear,0.5
detrended,trend-64,near_synchronous,0.2218567747611329,4.957983193277311,1.0583217905512112,3.842354763869859e-23,False,False,3.4393424849425376,3.4337032597738077,2.436974789915966,0.7563025210084033,nonlinear,0.5
raw,trend-65,near_synchronous,0.21856462945750135,4.957983193277311,11.265509624790187,4.3477999216714826e-05,True,False,1.0438863082481054,1.0438102018392104,0.5882352941176467,0.9411764705882353,nonlinear,0.5
detrended,trend-65,near_synchronous,0.21856462945750135,4.957983193277311,1.0550213877297645,5.8730907204536526e-12,False,False,2.5545297049577025,2.538057239564422,2.6890756302521006,0.73109243697479,nonlinear,0.5
raw,trend-66,near_synchronous,0.17135756648606318,5.04201680672269,13.175071662151131,9.87808172446919e-05,True,False,1.2815424526992023,1.2815424526992023,0.42016806722689104,0.9579831932773109,nonlinear,0.5
detrended,trend-66,near_synchronous,0.17135756648606318,5.04201680672269,1.077160568402997,2.4664905111298487e-16,False,False,2.7207460415894786,2.708384456003924,2.941176470588236,0.7058823529411764,nonlinear,0.5
raw,trend-67,near_synchronous,0.17191040119947676,5.04201680672269,10.838211475288157,6.777402117455045e-07,True,False,1.8212216526141545,1.8211780310739492,4.201680672268909,0.5798319327731092,nonlinear,0.5
detrended,trend-67,near_synchronous,0.17191040119947676,5.04201680672269,1.0467612951050855,1.577800937443914e-11,False,False,2.6147600429390283,2.5907398979472176,1.6806722689075633,0.8319327731092436,nonlinear,0.5
raw,trend-68,near_synchronous,0.15585569386017914,5.04201680672269,12.600470305273383,0.0014313123883860901,True,False,1.2177144269030578,1.2177144269030578,0.42016806722689104,0.9579831932773109,nonlinear,0.5
detrended,trend-68,near_synchronous,0.15585569386017914,5.04201680672269,1.0711877629710853,2.5163531688961297e-17,False,False,2.768895873954661,2.7554859368244657,2.941176470588236,0.7058823529411764,nonlinear,0.5
raw,trend-69,near_synchronous,0.20044519153702442,5.04201680672269,15.819279766188275,2.394073647155771e-22,True,False,1.588766281984386,1.588766281984386,0.08403361344537874,0.9915966386554621,nonlinear,0.5
detrended,trend-69,near_synchronous,0.20044519153702442,5.04201680672269,1.0999570926955864,7.981143033175531e-52,False,False,3.1292176459524352,3.1134943001308675,2.941176470588236,0.7058823529411764,nonlinear,0.5
raw,trend-70,near_synchronous,0.19907818962653862,5.126050420168068,10.082284218887072,0.00026296530703138907,True,False,1.3366980824138788,1.3366980824138788,0.1680672268907557,0.9831932773109244,nonlinear,0.5
detrended,trend-70,near_synchronous,0.19907818962653862,5.126050420168068,1.035844725959696,3.5797485345039944e-16,False,False,2.853571943268414,2.8402713145544367,3.1092436974789917,0.6890756302521008,nonlinear,0.5
raw,trend-71,near_synchronous,0.19815292330123824,5.126050420168068,9.648199950880723,1.3621122932732074e-11,True,False,1.5647235334241263,1.5645204337797256,3.8655462184873954,0.6134453781512604,nonlinear,0.5
detrended,trend-71,near_synchronous,0.19815292330123824,5.126050420168068,1.0272876048908777,4.169964990797991e-53,False,False,3.227042723234588,3.211524692490578,1.7647058823529411,0.8235294117647058,nonlinear,0.5
raw,trend-72,near_synchronous,0.20814817404636157,4.957983193277311,3.3694752116226767,2.0977210605082e-09,True,False,1.1690609668288319,1.1690609668288319,2.436974789915966,0.7563025210084033,local_drift,0.5
detrended,trend-72,near_synchronous,0.20814817404636157,4.957983193277311,1.0491454812839431,1.355041952299333e-23,False,False,2.7701877489262374,2.758756271506343,2.436974789915966,0.7563025210084033,local_drift,0.5
raw,trend-73,near_synchronous,0.16951728009882294,5.04201680672269,12.818125995853231,2.944853356084573e-07,True,False,1.2092148553921716,1.2092148553921716,0.08403361344537874,0.9915966386554621,local_drift,0.5
detrended,trend-73,near_synchronous,0.16951728009882294,5.04201680672269,1.086959168527951,2.5008177629058677e-17,False,False,2.5143407000283773,2.5031086678615395,2.521008403361345,0.7478991596638656,local_drift,0.5
raw,trend-74,near_synchronous,0.18885900790644938,5.04201680672269,13.128874730986961,1.7828261044002956e-07,True,False,1.1115508078677943,1.1115508078677943,0.42016806722689104,0.9579831932773109,local_drift,0.5
detrended,trend-74,near_synchronous,0.18885900790644938,5.04201680672269,1.0768841580435449,2.9969114843683908e-15,False,False,2.2186288611772538,2.1832169397222616,2.521008403361345,0.7478991596638656,local_drift,0.5
raw,trend-75,near_synchronous,0.19564927861810555,4.957983193277311,6.91417943091719,8.596084010285066e-06,True,False,1.0998669975850333,1.0998669975850333,0.3361344537815123,0.9663865546218487,local_drift,0.5
detrended,trend-75,near_synchronous,0.19564927861810555,1.092436974789916,-1.5757282469649636,9.865183010942162e-16,False,False,2.5736870890548174,2.556902480334256,3.781512605042017,0.6218487394957983,local_drift,0.5
raw,trend-76,near_synchronous,0.1960471098444174,5.04201680672269,13.074141359527658,0.00014714263705010216,True,False,1.0207922446427038,1.0207922446427038,0.42016806722689104,0.9579831932773109,local_drift,0.5
detrended,trend-76,near_synchronous,0.1960471098444174,5.04201680672269,1.0761566465934156,5.127194736527807e-16,False,False,2.3439939263855494,2.32571888462393,2.941176470588236,0.7058823529411764,local_drift,0.5
raw,trend-77,near_synchronous,0.18148699829580928,4.957983193277311,12.094192727203477,4.1252925865877205e-07,True,False,1.2241409138731778,1.2241409138731778,0.3361344537815123,0.9663865546218487,local_drift,0.5
detrended,trend-77,near_synchronous,0.18148699829580928,4.957983193277311,1.0770934784522495,5.695388088025914e-16,False,False,2.645433971390374,2.625223343081794,2.857142857142857,0.7142857142857143,local_drift,0.5
raw,trend-78,near_synchronous,0.23195611954286768,5.126050420168068,11.513124588791197,2.6156494752762924e-06,True,False,1.1748855535728684,1.1748855535728684,0.5042016806722689,0.9495798319327731,local_drift,0.5
detrended,trend-78,near_synchronous,0.23195611954286768,5.126050420168068,1.0577190569368995,9.915243391086483e-13,False,False,2.6387699428620133,2.6202060136323713,3.025210084033614,0.6974789915966386,local_drift,0.5
raw,trend-79,near_synchronous,0.19565560753457423,5.04201680672269,9.370428735476292,0.006084761129879237,True,False,0.7509928774649959,0.7509928774649959,0.42016806722689104,0.9579831932773109,local_drift,0.5
detrended,trend-79,near_synchronous,0.19565560753457423,5.04201680672269,1.0642516128554624,7.496905874260672e-11,False,False,2.387115108892639,2.3590000158452225,2.521008403361345,0.7478991596638656,local_drift,0.5
raw,trend-80,near_synchronous,0.1784149431249263,5.126050420168068,12.589731312051539,3.317479473708002e-06,True,False,1.0677524309444535,1.0677524309444535,0.08403361344537785,0.9915966386554622,local_drift,0.5
detrended,trend-80,near_synchronous,0.1784149431249263,5.126050420168068,1.0829049295442617,2.0805273561653235e-10,False,False,1.9958921792269204,1.9768740670792968,3.025210084033614,0.6974789915966386,local_drift,0.5
raw,trend-81,near_synchronous,0.2144554516603649,4.957983193277311,12.535911974899019,8.198551675336996e-11,True,False,1.1651314294075306,1.1651314294075306,0.3361344537815123,0.9663865546218487,local_drift,0.5
detrended,trend-81,near_synchronous,0.2144554516603649,4.957983193277311,1.0738548369313679,3.861089038630592e-27,False,False,2.8822168290973758,2.8743063806838287,2.436974789915966,0.7563025210084033,local_drift,0.5
raw,trend-82,near_synchronous,0.19346623702154742,5.126050420168068,9.767393197875883,5.062075368916577e-06,True,False,1.1886920227299103,1.1886920227299103,0.08403361344537785,0.9915966386554622,local_drift,0.5
detrended,trend-82,near_synchronous,0.19346623702154742,5.126050420168068,1.028898557871331,5.2411643706275447e-17,False,False,2.2478254217946807,2.229542675134735,2.6050420168067228,0.7394957983193278,local_drift,0.5
raw,trend-83,near_synchronous,0.14102415855554332,4.957983193277311,14.33272196572075,1.0358717139563717e-05,True,False,1.0473681150665088,1.0473681150665088,0.3361344537815123,0.9663865546218487,local_drift,0.5
detrended,trend-83,near_synchronous,0.14102415855554332,4.957983193277311,1.0919410421464326,6.156402584504043e-13,False,False,2.292234069402429,2.261780118995413,2.857142857142857,0.7142857142857143,local_drift,0.5
raw,trend-84,near_synchronous,0.1804236458251181,5.04201680672269,7.781900117944981,1.5394718341408806e-05,True,False,0.8781233382057363,0.8781233382057363,2.521008403361345,0.7478991596638656,mixed,0.7
detrended,trend-84,near_synchronous,0.1804236458251181,5.04201680672269,1.0168618999623038,6.5041909647053e-14,False,False,1.9537288026382806,1.8460394948859664,3.7815126050420176,0.6218487394957982,mixed,0.7
raw,trend-85,near_synchronous,0.2397538323867146,5.04201680672269,12.09690467624841,0.7815107929903601,False,False,0.4503100608203605,0.4503100608203605,0.42016806722689104,0.9579831932773109,mixed,0.7
detrended,trend-85,near_synchronous,0.2397538323867146,5.04201680672269,1.0674757726260133,2.742792848072382e-06,False,False,1.7574078786110672,1.6459872923159742,2.941176470588236,0.7058823529411764,mixed,0.7
raw,trend-86,near_synchronous,0.1576319419996026,5.04201680672269,12.271619329944691,0.006171229943238445,True,False,0.9941452316746133,0.9941452316746133,2.6050420168067228,0.7394957983193278,mixed,0.7
detrended,trend-86,near_synchronous,0.1576319419996026,5.04201680672269,1.0723674911001784,1.3755796529115165e-13,False,False,2.5120741158270214,2.444226122427744,3.4453781512605044,0.6554621848739496,mixed,0.7
raw,trend-87,near_synchronous,0.1979529612017568,5.04201680672269,8.416435916014962,0.19261454855167887,True,False,0.9575776821235122,0.9575776821235122,2.521008403361345,0.7478991596638656,mixed,0.7
detrended,trend-87,near_synchronous,0.1979529612017568,5.04201680672269,1.0059907462291062,2.2005031431558067e-05,False,False,2.234776306710989,2.1530121848304935,4.201680672268909,0.5798319327731092,mixed,0.7
raw,trend-88,near_synchronous,0.1882477366798111,5.04201680672269,11.1072017548553,0.030903328762852456,True,False,0.5670176326668906,0.5670176326668906,2.941176470588236,0.7058823529411764,mixed,0.7
detrended,trend-88,near_synchronous,0.1882477366798111,5.04201680672269,1.083571166984765,1.4389741287792404e-14,False,False,2.0378627734185337,1.983381817589245,2.521008403361345,0.7478991596638656,mixed,0.7
raw,trend-89,near_synchronous,0.15619646041835947,5.04201680672269,11.60821706643981,0.12246123987997812,True,False,0.5885086733023128,0.5885086733023128,2.521008403361345,0.7478991596638656,mixed,0.7
detrended,trend-89,near_synchronous,0.15619646041835947,5.04201680672269,1.0699242606160186,3.583570726895069e-11,False,False,2.160136116971565,2.068072515377652,2.521008403361345,0.7478991596638656,mixed,0.7
raw,trend-90,near_synchronous,0.22783116265933379,5.04201680672269,10.558130092380392,5.233078559230244e-05,True,False,0.7625275507027547,0.7625275507027547,2.521008403361345,0.7478991596638656,mixed,0.7
detrended,trend-90,near_synchronous,0.22783116265933379,5.04201680672269,1.0694364194010977,9.810474619944225e-13,False,False,1.7986508939779058,1.7601825035211975,2.521008403361345,0.7478991596638656,mixed,0.7
raw,trend-91,near_synchronous,0.20343222224719001,4.957983193277311,9.223784415695159,0.05739914500243757,True,False,0.6514095790347393,0.6514095790347393,2.0168067226890756,0.7983193277310925,mixed,0.7
detrended,trend-91,near_synchronous,0.20343222224719001,4.957983193277311,1.0520654913764784,1.0379498080239269e-06,False,False,1.8558221007099471,1.795232779624054,3.277310924369748,0.6722689075630253,mixed,0.7
raw,trend-92,near_synchronous,0.2026719142255414,4.957983193277311,6.871247775152709,0.3076950991680688,True,False,0.5977357386374965,0.5976028163925167,2.436974789915966,0.7563025210084033,mixed,0.7
detrended,trend-92,near_synchronous,0.2026719142255414,4.957983193277311,1.0541455768969743,4.598276619793059e-09,False,False,1.8351529446393187,1.784141177873859,2.436974789915966,0.7563025210084033,mixed,0.7
raw,trend-93,near_synchronous,0.1935074817867818,5.04201680672269,9.495098873034998,0.01865194989832783,True,False,0.6207121113485509,0.6201999490791611,2.1008403361344543,0.7899159663865546,mixed,0.7
detrended,trend-93,near_synchronous,0.1935074817867818,5.04201680672269,1.0584171767111905,7.932560871124357e-20,False,False,2.763002548858525,2.7083764048102394,3.3613445378151265,0.6638655462184874,mixed,0.7
raw,trend-94,near_synchronous,0.19976828787902268,5.04201680672269,11.000923831220938,0.010463987397843873,True,False,0.7774610600207363,0.7774610600207363,0.42016806722689104,0.9579831932773109,mixed,0.7
detrended,trend-94,near_synchronous,0.19976828787902268,5.04201680672269,1.0680176353670543,3.4830128051631534e-07,False,False,2.2717484030831847,2.2454755909761843,2.521008403361345,0.7478991596638656,mixed,0.7
raw,trend-95,near_synchronous,0.16839344753476343,5.126050420168068,14.378714410092268,0.8917351551085321,False,False,0.44026627908993843,0.44026627908993843,0.5042016806722689,0.9495798319327731,mixed,0.7
detrended,trend-95,near_synchronous,0.16839344753476343,5.126050420168068,1.0888342101285153,6.571722424760653e-08,False,False,1.853571480161825,1.7307323453643622,3.025210084033614,0.6974789915966386,mixed,0.7
