tag,cell,regime,tau_sd_true,agg_break,agg_strength,p_sync,warning,trend_confounded,tau_sd_hat,sd_corrected,operator_spread,operator_consensus,weight_kind,miss_kind
weight_trunc,wt-0,synchronous,1.0096733453968502e-06,5.04201680672269,42.53035552494886,0.9999705331922497,False,False,0.0,0.0,1.6806722689075633,0.8319327731092436,equal,complete
weight_trunc,wt-1,synchronous,9.838366904320547e-07,5.04201680672269,45.13290459329663,0.9999764894763644,False,False,0.0,0.0,0.42016806722689104,0.9579831932773109,equal,complete
weight_trunc,wt-2,synchronous,8.414274610595972e-07,5.04201680672269,43.962895540398904,0.9999759791098587,False,False,0.0,0.0,3.3613445378151265,0.6638655462184874,equal,complete
weight_trunc,wt-3,synchronous,8.572709139326003e-07,5.04201680672269,38.84797934600213,0.999979458957618,False,False,0.0,0.0,4.621848739495799,0.5378151260504201,equal,complete
weight_trunc,wt-4,synchronous,1.0088851291325515e-06,5.04201680672269,44.963860456626236,0.999976800403131,False,False,0.0,0.0,0.08403361344537874,0.9915966386554621,equal,complete
weight_trunc,wt-5,synchronous,8.967306966654197e-07,5.04201680672269,36.8146595117995,0.9999796803353452,False,False,0.0,0.0,2.1008403361344543,0.7899159663865546,equal,complete
weight_trunc,wt-6,synchronous,1.0400775560093497e-06,5.04201680672269,42.010251859167006,0.9999775802323918,False,False,0.0,0.0,2.941176470588236,0.7058823529411764,equal,complete
weight_trunc,wt-7,synchronous,1.0795474171900832e-06,5.04201680672269,45.98948034687656,0.9999789228177175,False,False,0.0,0.0,4.201680672268909,0.5798319327731092,equal,complete
weight_trunc,wt-8,synchronous,9.532160041749089e-07,5.04201680672269,44.82261813650863,0.9999699419953376,False,False,0.0,0.0,0.42016806722689104,0.9579831932773109,equal,complete
weight_trunc,wt-9,synchronous,1.0274640316456076e-06,5.04201680672269,39.86221560898339,0.9999725287211076,False,False,0.0,0.0,2.941176470588236,0.7058823529411764,equal,complete
weight_trunc,wt-10,synchronous,1.0380752419156578e-06,5.04201680672269,44.54738737943779,0.9999791875688216,False,False,0.0,0.0,0.42016806722689104,0.9579831932773109,equal,complete
weight_trunc,wt-11,synchronous,9.464429965500319e-07,5.04201680672269,37.557602017623715,0.9999781752648775,False,False,0.0,0.0,0.8403361344537821,0.9159663865546218,equal,complete
weight_trunc,wt-12,synchronous,9.165542620784352e-07,5.04201680672269,30.389589058066743,0.9999819186441525,False,False,0.0,0.0,1.6806722689075633,0.8319327731092436,static,complete
weight_trunc,wt-13,synchronous,9.084919695856376e-07,5.04201680672269,31.188622310788237,0.9999788681381181,False,False,0.0,0.0,0.08403361344537874,0.9915966386554621,static,complete
weight_trunc,wt-14,synchronous,1.053894401990218e-06,5.04201680672269,32.6476223348428,0.999983455964547,False,False,0.0,0.0,2.1008403361344543,0.7899159663865546,static,complete
weight_trunc,wt-15,synchronous,9.311060218380635e-07,5.04201680672269,27.546306085908057,0.9999789903609841,False,False,0.0,0.0,0.08403361344537874,0.9915966386554621,static,complete
weight_trunc,wt-16,synchronous,9.137594767045078e-07,5.04201680672269,28.472294788720372,0.9999820286877237,False,False,0.0,0.0,2.521008403361345,0.7478991596638656,static,complete
weight_trunc,wt-17,synchronous,9.933738235742537e-07,5.04201680672269,30.626064019425826,0.9999778328400243,False,False,0.0,0.0,0.08403361344537874,0.9915966386554621,static,complete
weight_trunc,wt-18,synchronous,9.666267524869622e-07,5.04201680672269,35.24013788267529,0.9999796791231311,False,False,0.0,0.0,2.521008403361345,0.7478991596638656,static,complete
weight_trunc,wt-19,synchronous,1.0943260914645698e-06,5.04201680672269,27.03379040126335,0.9999818742763498,False,False,0.0,0.0,0.42016806722689104,0.9579831932773109,static,complete
weight_trunc,wt-20,synchronous,9.431652351478122e-07,5.04201680672269,30.00533785765618,0.9999804088323359,False,False,0.0,0.0,4.621848739495799,0.5378151260504201,static,complete
weight_trunc,wt-21,synchronous,1.2145770370606186e-06,5.04201680672269,35.867815143669766,0.9999757610104159,False,False,0.0,0.0,0.08403361344537874,0.9915966386554621,static,complete
weight_trunc,wt-22,synchronous,8.961291365170621e-07,5.04201680672269,33.02850248989274,0.9999768981620205,False,False,0.0,0.0,4.201680672268909,0.5798319327731092,static,complete
weight_trunc,wt-23,synchronous,9.066601312542985e-07,5.04201680672269,35.71811499596698,0.9999773618277799,False,False,0.0,0.0,4.621848739495799,0.5378151260504201,static,complete
weight_trunc,wt-24,synchronous,1.0471966966611496e-06,5.04201680672269,23.879495384496824,0.9999783124563724,False,False,0.0,0.0,0.08403361344537874,0.9915966386554621,timing_corr,complete
weight_trunc,wt-25,synchronous,1.0899728561986861e-06,5.04201680672269,18.292955211871185,0.9999820820889788,False,False,0.0,0.0,0.08403361344537874,0.9915966386554621,timing_corr,complete
weight_trunc,wt-26,synchronous,8.886378766905295e-07,5.04201680672269,19.118646654794247,0.9999747262339612,False,False,0.0,0.0,4.201680672268909,0.5798319327731092,timing_corr,complete
weight_trunc,wt-27,synchronous,1.0144663942108174e-06,5.04201680672269,25.523584023670242,0.9999722767617584,False,False,0.0,0.0,0.08403361344537874,0.9915966386554621,timing_corr,complete
weight_trunc,wt-28,synchronous,7.637470160041973e-07,5.04201680672269,19.035115512209426,0.9999790899168244,False,False,0.0,0.0,3.3613445378151265,0.6638655462184874,timing_corr,complete
weight_trunc,wt-29,synchronous,8.87910075022217e-07,5.04201680672269,16.357561696943815,0.999982361735853,False,False,0.0,0.0,3.3613445378151265,0.6638655462184874,timing_corr,complete
weight_trunc,wt-30,synchronous,8.236646375392774e-07,5.04201680672269,22.727270000912682,0.9999825370176781,False,False,0.0,0.0,2.1008403361344543,0.7899159663865546,timing_corr,complete
weight_trunc,wt-31,synchronous,1.0418468756453828e-06,5.04201680672269,21.994966690373285,0.9999807598807281,False,False,0.0,0.0,0.8403361344537821,0.9159663865546218,timing_corr,complete
weight_trunc,wt-32,synchronous,1.1027558210103795e-06,5.04201680672269,18.9231687258417,0.9999797893031784,False,False,0.0,0.0,2.1008403361344543,0.7899159663865546,timing_corr,complete
weight_trunc,wt-33,synchronous,8.741692428039719e-07,5.04201680672269,13.36594999378337,0.9999788776831168,False,False,0.0,0.0,2.1008403361344543,0.7899159663865546,timing_corr,complete
weight_trunc,wt-34,synchronous,8.751971328172372e-07,5.04201680672269,24.826206524729955,0.9999761334521682,False,False,0.0,0.0,2.941176470588236,0.7058823529411764,timing_corr,complete
weight_trunc,wt-35,synchronous,8.855756741361657e-07,5.04201680672269,15.279639763974446,0.9999839652661273,False,False,0.0,0.0,2.521008403361345,0.7478991596638656,timing_corr,complete
weight_trunc,wt-36,synchronous,8.304204516754462e-07,5.04201680672269,37.26105505769947,0.9999777328221708,False,False,0.0,0.0,0.08403361344537874,0.9915966386554621,timevarying,complete
weight_trunc,wt-37,synchronous,9.376411933670581e-07,5.04201680672269,33.82647936274245,0.999979019013202,False,False,0.0,0.0,0.08403361344537874,0.9915966386554621,timevarying,complete
weight_trunc,wt-38,synchronous,9.68460449827842e-07,5.04201680672269,42.83071336816796,0.9999790599871164,False,False,0.0,0.0,4.621848739495799,0.5378151260504201,timevarying,complete
weight_trunc,wt-39,synchronous,7.895987125976687e-07,5.04201680672269,38.94302417532588,0.9999767563361392,False,False,0.0,0.0,4.201680672268909,0.5798319327731092,timevarying,complete
weight_trunc,wt-40,synchronous,9.872966959995385e-07,5.04201680672269,41.29230200789269,0.9999760343096402,False,False,0.0,0.0,2.941176470588236,0.7058823529411764,timevarying,complete
weight_trunc,wt-41,synchronous,9.227174667598311e-07,5.04201680672269,36.18181666762296,0.9999745049231162,False,False,0.0,0.0,3.7815126050420176,0.6218487394957982,timevarying,complete
weight_trunc,wt-42,synchronous,9.254803640726156e-07,5.04201680672269,42.0981264880028,0.9999745082766555,False,False,0.0,0.0,0.08403361344537874,0.9915966386554621,timevarying,complete
weight_trunc,wt-43,synchronous,1.0204057100256164e-06,5.04201680672269,39.22006947284881,0.9999790856343482,False,False,0.0,0.0,3.3613445378151265,0.6638655462184874,timevarying,complete
weight_trunc,wt-44,synchronous,1.0979089472733406e-06,5.04201680672269,34.001403197797124,0.9999776843184378,False,False,0.0,0.0,3.3613445378151265,0.6638655462184874,timevarying,complete
weight_trunc,wt-45,synchronous,1.083001693447385e-06,5.04201680672269,34.17186286551743,0.9999766697527012,False,False,0.0,0.0,0.08403361344537874,0.9915966386554621,timevarying,complete
weight_trunc,wt-46,synchronous,8.494323455168784e-07,5.04201680672269,34.79863732964267,0.9999732750166019,False,False,0.0,0.0,0.8403361344537821,0.9159663865546218,timevarying,complete
weight_trunc,wt-47,synchronous,8.674779554848826e-07,5.04201680672269,35.61177748125109,0.9999757845595346,False,False,0.0,0.0,0.08403361344537874,0.9915966386554621,timevarying,complete
weight_trunc,wt-48,synchronous,1.0096400853205114e-06,5.04201680672269,37.669315572331854,0.9999999725392711,False,True,0.013119743694114235,0.013119743694114235,2.521008403361345,0.7478991596638656,equal,late_entry
weight_trunc,wt-49,synchronous,1.1017340770335076e-06,5.04201680672269,42.13421245248806,0.9999998503682668,False,False,0.02623948738822847,0.02623948738822847,4.621848739495799,0.5378151260504201,equal,late_entry
weight_trunc,wt-50,synchronous,1.0418770968590357e-06,5.04201680672269,43.98242308867416,0.9999999708222198,False,True,0.02623948738822847,0.02623948738822847,4.201680672268909,0.5798319327731092,equal,late_entry
weight_trunc,wt-51,synchronous,1.086223857010912e-06,5.04201680672269,38.90041048098315,0.9999997978865629,False,True,0.03935923108234284,0.03935923108234284,2.941176470588236,0.7058823529411764,equal,late_entry
weight_trunc,wt-52,synchronous,7.675693433317557e-07,5.04201680672269,38.35011008049492,0.9999999462250746,False,True,0.013119743694114235,0.013119743694114235,0.08403361344537874,0.9915966386554621,equal,late_entry
weight_trunc,wt-53,synchronous,9.804257819774313e-07,5.04201680672269,39.851236002038995,0.9999941973855523,False,False,0.23693902823313753,0.23693902823313753,4.621848739495799,0.5378151260504201,equal,late_entry
weight_trunc,wt-54,synchronous,7.836529456632726e-07,5.04201680672269,42.874289358542555,0.999999838261646,False,True,0.026239487388228473,0.026239487388228473,4.201680672268909,0.5798319327731092,equal,late_entry
weight_trunc,wt-55,synchronous,8.712191851668438e-07,5.04201680672269,36.45943538759388,0.9999999724381777,False,True,0.0442674527430787,0.0442674527430787,2.1008403361344543,0.7899159663865546,equal,late_entry
weight_trunc,wt-56,synchronous,1.1719993271918118e-06,5.04201680672269,39.708133618420305,0.9999812485515887,False,False,0.0,0.0,0.08403361344537874,0.9915966386554621,equal,late_entry
weight_trunc,wt-57,synchronous,7.692390841922147e-07,5.04201680672269,44.638283829208085,0.9995769635606796,False,False,0.472310772988114,0.472310772988114,2.1008403361344543,0.7899159663865546,equal,late_entry
weight_trunc,wt-58,synchronous,9.080253340385604e-07,5.04201680672269,36.27312397021443,0.9962360183584565,False,True,0.5507848878245354,0.5507848878245354,4.621848739495799,0.5378151260504201,equal,late_entry
weight_trunc,wt-59,synchronous,9.179814814425382e-07,5.04201680672269,41.47032300484729,0.9999861982207031,False,False,0.0,0.0,4.621848739495799,0.5378151260504201,equal,late_entry
weight_trunc,wt-60,synchronous,1.0109819560870338e-06,5.04201680672269,36.28569306569097,1.0654123165397373e-11,True,False,0.9965847159011617,0.9965847159011617,2.941176470588236,0.7058823529411764,equal,dropout
weight_trunc,wt-61,synchronous,1.005543492729684e-06,5.04201680672269,45.490238829823994,0.9999822305207812,False,False,0.0,0.0,0.08403361344537874,0.9915966386554621,equal,dropout
weight_trunc,wt-62,synchronous,9.326239822567293e-07,5.04201680672269,40.73015039443104,1.0673463153765845e-22,True,False,1.5930909280055936,1.5930909280055936,4.201680672268909,0.5798319327731092,equal,dropout
weight_trunc,wt-63,synchronous,9.7451991913894e-07,5.04201680672269,41.04837189030701,0.04242773232795017,True,False,0.45919102929399996,0.45919102929399996,1.6806722689075633,0.8319327731092436,equal,dropout
weight_trunc,wt-64,synchronous,9.13903021495853e-07,5.04201680672269,40.70630857492834,2.025258136912256e-06,True,False,0.7609451342586285,0.7609451342586285,0.8403361344537821,0.9159663865546218,equal,dropout
weight_trunc,wt-65,synchronous,1.2039867564860284e-06,5.04201680672269,45.167029592476325,6.057667869284952e-19,True,False,1.39647425692626,1.39647425692626,2.941176470588236,0.7058823529411764,equal,dropout
weight_trunc,wt-66,synchronous,9.127813276009981e-07,5.04201680672269,38.35281540088367,4.6703749504123795e-12,True,False,1.0389202430987536,1.0389202430987536,3.3613445378151265,0.6638655462184874,equal,dropout
weight_trunc,wt-67,synchronous,1.156796190570265e-06,5.04201680672269,39.82337678701599,6.049163059180092e-18,True,False,1.3307525985841675,1.3307525985841675,4.201680672268909,0.5798319327731092,equal,dropout
weight_trunc,wt-68,synchronous,1.0697811381652209e-06,5.04201680672269,40.61029804740927,8.985891789685864e-09,True,False,0.8783824230345049,0.8783824230345049,2.521008403361345,0.7478991596638656,equal,dropout
weight_trunc,wt-69,synchronous,9.553747644707938e-07,5.04201680672269,39.629865521396745,4.842620029083147e-07,True,False,0.7355191732410595,0.7355191732410595,0.08403361344537874,0.9915966386554621,equal,dropout
weight_trunc,wt-70,synchronous,1.1666481326233736e-06,5.04201680672269,39.452085373715626,1.8208092195657785e-15,True,False,1.2315369031603456,1.2315369031603456,0.42016806722689104,0.9579831932773109,equal,dropout
weight_trunc,wt-71,synchronous,1.0649532189606792e-06,5.04201680672269,40.860514747221174,7.001772793121209e-13,True,False,0.9631820270637677,0.9631820270637677,0.08403361344537874,0.9915966386554621,equal,dropout
weight_trunc,wt-72,synchronous,1.0631099710102712e-06,5.04201680672269,58.1398953450588,0.999999894191835,False,True,0.11350371982554694,0.11350371982554694,0.08403361344537874,0.9915966386554621,equal,informative
weight_trunc,wt-73,synchronous,9.184576487101656e-07,5.04201680672269,45.006803135862974,0.9999999920089292,False,True,0.08400734883668982,0.08400734883668982,1.2605042016806727,0.8739495798319328,equal,informative
weight_trunc,wt-74,synchronous,8.427303077541881e-07,5.04201680672269,43.76096851485003,0.9999998644321406,False,True,0.08093008522797561,0.08093008522797561,0.08403361344537874,0.9915966386554621,equal,informative
weight_trunc,wt-75,synchronous,9.6379335414804e-07,5.04201680672269,39.4489581047336,0.999999985448907,False,True,0.060851883856975694,0.060851883856975694,0.08403361344537874,0.9915966386554621,equal,informative
weight_trunc,wt-76,synchronous,9.227238124675905e-07,5.04201680672269,23.187689946817667,0.9999999828188088,False,True,0.0440174933608338,0.0440174933608338,0.42016806722689104,0.9579831932773109,equal,informative
weight_trunc,wt-77,synchronous,1.0554595063541593e-06,5.04201680672269,35.526533007681216,0.9999999692765874,False,True,0.09205421134540599,0.09205421134540599,2.1008403361344543,0.7899159663865546,equal,informative
weight_trunc,wt-78,synchronous,9.335573101615892e-07,5.04201680672269,45.16395178142617,0.9999999767269344,False,True,0.10693669405566725,0.10693669405566725,1.2605042016806727,0.8739495798319328,equal,informative
weight_trunc,wt-79,synchronous,8.217835152822343e-07,5.04201680672269,25.173724067366965,0.9999983654913893,False,True,0.5500471826254425,0.5500471826254425,1.6806722689075633,0.8319327731092436,equal,informative
weight_trunc,wt-80,synchronous,1.1661217923066704e-06,5.04201680672269,40.80493385128183,0.9999999821550102,False,True,0.09183820585879993,0.09183820585879993,0.08403361344537874,0.9915966386554621,equal,informative
weight_trunc,wt-81,synchronous,7.936519385882421e-07,5.04201680672269,20.845213350586473,0.9999999997757574,False,True,0.0300060018006001,0.0300060018006001,1.6806722689075633,0.8319327731092436,equal,informative
weight_trunc,wt-82,synchronous,9.931320132488617e-07,5.04201680672269,29.630400036500745,0.9999999940183817,False,True,0.06423901198075899,0.06423901198075899,2.1008403361344543,0.7899159663865546,equal,informative
weight_trunc,wt-83,synchronous,1.027514048651688e-06,5.04201680672269,32.496319292444625,0.9999999799304855,False,True,0.05310598596539703,0.05310598596539703,1.6806722689075633,0.8319327731092436,equal,informative
weight_trunc,wt-84,diffuse,0.3026464318864338,5.126050420168068,10.668482296576778,0.000921415645003186,True,False,0.30298750213983094,0.30298750213983094,0.5042016806722689,0.9495798319327731,equal,complete
weight_trunc,wt-85,diffuse,0.30845690476677917,5.126050420168068,10.001891939520222,0.00046405388982266284,True,False,0.3120578929012965,0.3120578929012965,0.6722689075630255,0.9327731092436975,equal,complete
weight_trunc,wt-86,diffuse,0.3101734153748678,5.04201680672269,12.27444485786917,0.002518157094270374,True,False,0.3094445821768398,0.3094445821768398,0.42016806722689104,0.9579831932773109,equal,complete
weight_trunc,wt-87,diffuse,0.3842553415466341,5.04201680672269,10.142165846267279,0.0010631751172525896,True,False,0.39043991890338997,0.39043991890338997,0.6722689075630255,0.9327731092436975,equal,complete
weight_trunc,wt-88,diffuse,0.32826219228220604,5.04201680672269,10.354105232147086,0.00020537148996040258,True,False,0.32463931629739357,0.32463931629739357,0.42016806722689104,0.9579831932773109,equal,complete
weight_trunc,wt-89,diffuse,0.33734870618298174,5.04201680672269,11.358235994372048,0.00011231549726256437,True,False,0.342630249112374,0.342630249112374,0.42016806722689104,0.9579831932773109,equal,complete
weight_trunc,wt-90,diffuse,0.30255416769843,5.04201680672269,11.359571173607732,0.0014823426983815284,True,False,0.303424188653459,0.303424188653459,0.42016806722689104,0.9579831932773109,equal,complete
weight_trunc,wt-91,diffuse,0.36898214836099186,5.04201680672269,10.357497480218255,0.0003726689312310242,True,False,0.37276746402132943,0.37276746402132943,0.5882352941176467,0.9411764705882353,equal,complete
weight_trunc,wt-92,diffuse,0.4072510610067838,5.04201680672269,10.785287523000589,0.0017829675244955634,True,False,0.40855808529521803,0.40855808529521803,0.42016806722689104,0.9579831932773109,equal,complete
weight_trunc,wt-93,diffuse,0.3320796099504276,5.126050420168068,10.870290129533785,0.0010397886329950382,True,False,0.32987207377641475,0.32987207377641475,0.5042016806722689,0.9495798319327731,equal,complete
weight_trunc,wt-94,diffuse,0.3001618336932895,4.873949579831933,10.692786155962542,0.0019661887905275846,True,False,0.30519361003924167,0.30519361003924167,0.25210084033613445,0.9747899159663865,equal,complete
weight_trunc,wt-95,diffuse,0.3468615440781914,5.126050420168068,11.60202621360343,0.00151386247918719,True,False,0.35113583892060807,0.35113583892060807,0.5042016806722689,0.9495798319327731,equal,complete
weight_trunc,wt-96,diffuse,0.3713877810200426,5.2100840336134455,10.33833330107418,0.0014929154755110175,True,False,0.36848044798602814,0.36848044798602814,0.6722689075630255,0.9327731092436975,static,complete
weight_trunc,wt-97,diffuse,0.3793484935281186,5.04201680672269,9.849378155164835,0.0009557880742292882,True,False,0.37767827562803286,0.37767827562803286,0.6722689075630255,0.9327731092436975,static,complete
weight_trunc,wt-98,diffuse,0.28276539927646344,5.04201680672269,10.691444021894151,0.009588352148483224,True,False,0.28322413367043625,0.28322413367043625,0.5042016806722689,0.9495798319327731,static,complete
weight_trunc,wt-99,diffuse,0.33840678200570085,5.294117647058824,10.642224630989217,0.0015213407493038765,True,False,0.34232095781758204,0.34232095781758204,0.6722689075630255,0.9327731092436975,static,complete
weight_trunc,wt-100,diffuse,0.3763852040549812,5.04201680672269,10.642161607259485,0.00046620867840774276,True,False,0.3743919109907742,0.3743919109907742,0.6722689075630255,0.9327731092436975,static,complete
weight_trunc,wt-101,diffuse,0.29347625012509326,5.04201680672269,11.761695885789159,0.0021741372332841147,True,False,0.29940475985739873,0.29940475985739873,0.42016806722689104,0.9579831932773109,static,complete
weight_trunc,wt-102,diffuse,0.3268146395413898,5.126050420168068,10.818504428941234,0.007465267037765199,True,False,0.3207550476283345,0.3207550476283345,0.5042016806722689,0.9495798319327731,static,complete
weight_trunc,wt-103,diffuse,0.34602232482254225,4.957983193277311,9.052512620981046,0.001998990096582597,True,False,0.34519689983251484,0.34519689983251484,0.5882352941176467,0.9411764705882353,static,complete
weight_trunc,wt-104,diffuse,0.38652062095846934,5.04201680672269,10.534566030771312,0.0025917373462006474,True,False,0.3897384411867304,0.3897384411867304,0.42016806722689104,0.9579831932773109,static,complete
weight_trunc,wt-105,diffuse,0.42347322016345224,5.126050420168068,8.549085910396048,0.00025778626137783173,True,False,0.4247595763380045,0.4247595763380045,0.5042016806722689,0.9495798319327731,static,complete
weight_trunc,wt-106,diffuse,0.3714714499433564,5.126050420168068,11.555744019912641,0.001431551025829866,True,False,0.3727378630918832,0.3727378630918832,0.5042016806722689,0.9495798319327731,static,complete
weight_trunc,wt-107,diffuse,0.2546856787606809,5.126050420168068,12.553746656251757,0.01060651999553934,True,False,0.25811283798010937,0.25811283798010937,0.5042016806722689,0.9495798319327731,static,complete
weight_trunc,wt-108,diffuse,0.3611403448847345,4.369747899159664,10.675571567251819,2.217487833975318e-08,True,False,0.36183277548926024,0.36183277548926024,0.1680672268907566,0.9831932773109243,timing_corr,complete
weight_trunc,wt-109,diffuse,0.30540054978750614,4.621848739495799,10.154206833781647,0.0046215417356778995,True,False,0.3081797439932181,0.3081797439932181,0.42016806722689104,0.9579831932773109,timing_corr,complete
weight_trunc,wt-110,diffuse,0.3776811970476121,4.621848739495799,10.516385726741438,0.004643221151105176,True,False,0.3798979268912841,0.3798979268912841,0.42016806722689104,0.9579831932773109,timing_corr,complete
weight_trunc,wt-111,diffuse,0.35206863664930277,4.453781512605042,6.623901415089066,0.015625499881782582,True,False,0.35696362284516236,0.35696362284516236,0.672268907563025,0.9327731092436975,timing_corr,complete
weight_trunc,wt-112,diffuse,0.3775237280974968,4.2857142857142865,8.178108270205003,0.024289379316292922,True,False,0.3813994482912098,0.3813994482912098,0.5042016806722689,0.9495798319327731,timing_corr,complete
weight_trunc,wt-113,diffuse,0.32961510835459207,4.621848739495799,15.273430982599164,9.605773484560054e-07,True,False,0.3317731772478938,0.3317731772478938,0.42016806722689104,0.9579831932773109,timing_corr,complete
weight_trunc,wt-114,diffuse,0.3030085779499652,4.873949579831933,11.574927419315676,0.007100844142528788,True,False,0.303889295941067,0.303889295941067,0.25210084033613445,0.9747899159663865,timing_corr,complete
weight_trunc,wt-115,diffuse,0.2731565717738294,4.705882352941177,12.160784983633505,0.003196043420883566,True,False,0.28060181272376467,0.28060181272376467,0.5042016806722689,0.9495798319327731,timing_corr,complete
weight_trunc,wt-116,diffuse,0.3352519194501083,4.621848739495799,10.514748816408277,0.024195291204637225,True,False,0.3302999409402005,0.3302999409402005,0.42016806722689104,0.9579831932773109,timing_corr,complete
weight_trunc,wt-117,diffuse,0.43321192178601686,4.453781512605042,9.586735641050057,0.0007257558532646965,True,False,0.4366514640929943,0.4366514640929943,4.453781512605042,0.5546218487394958,timing_corr,complete
weight_trunc,wt-118,diffuse,0.31159609569889446,4.369747899159664,7.404850897352525,0.296758568091764,True,False,0.311711189318283,0.311711189318283,0.3361344537815132,0.9663865546218486,timing_corr,complete
weight_trunc,wt-119,diffuse,0.3161142115257269,4.621848739495799,14.151175530058797,0.0021413280163001796,True,False,0.3189958469933161,0.3189958469933161,0.42016806722689104,0.9579831932773109,timing_corr,complete
weight_trunc,wt-120,diffuse,0.38027738455781634,5.04201680672269,10.626043343868526,0.0019933397249276095,True,False,0.3849986954270691,0.3849986954270691,0.42016806722689104,0.9579831932773109,timevarying,complete
weight_trunc,wt-121,diffuse,0.3623483175127965,5.126050420168068,11.040841045501327,0.00027191829733390837,True,False,0.3526409287118872,0.3526409287118872,0.5882352941176467,0.9411764705882353,timevarying,complete
weight_trunc,wt-122,diffuse,0.26699644880770385,4.957983193277311,10.987751948567434,0.0015753851267515965,True,False,0.2663928504412023,0.2663928504412023,0.3361344537815123,0.9663865546218487,timevarying,complete
weight_trunc,wt-123,diffuse,0.3499703388616919,5.04201680672269,11.097692038918098,0.0062906479821034705,True,False,0.35273478359037863,0.35273478359037863,0.42016806722689104,0.9579831932773109,timevarying,complete
weight_trunc,wt-124,diffuse,0.39694053133221596,5.126050420168068,10.713259823428762,0.001312601858502285,True,False,0.39884994618358893,0.39884994618358893,0.5882352941176467,0.9411764705882353,timevarying,complete
weight_trunc,wt-125,diffuse,0.2943700538776939,4.873949579831933,12.316508805206652,0.0003909447905447936,True,False,0.2948295705532639,0.2948295705532639,0.25210084033613445,0.9747899159663865,timevarying,complete
weight_trunc,wt-126,diffuse,0.3854939878478547,5.04201680672269,9.472315340829075,0.0011013082305929764,True,False,0.3868684787225604,0.3868684787225604,0.5882352941176467,0.9411764705882353,timevarying,complete
weight_trunc,wt-127,diffuse,0.302515218555487,4.957983193277311,10.755923564878776,0.00688854047900501,True,False,0.30747002313404537,0.30747002313404537,0.3361344537815123,0.9663865546218487,timevarying,complete
weight_trunc,wt-128,diffuse,0.32362813029904397,4.957983193277311,9.245649452932803,0.0016567861082596581,True,False,0.32934315869353653,0.32934315869353653,0.3361344537815123,0.9663865546218487,timevarying,complete
weight_trunc,wt-129,diffuse,0.29145954492974846,5.04201680672269,10.917141503368315,0.0667536732479221,True,False,0.293509274762939,0.293509274762939,0.42016806722689104,0.9579831932773109,timevarying,complete
weight_trunc,wt-130,diffuse,0.3675251678612842,4.957983193277311,10.664239629232139,0.008188061934385562,True,False,0.3701058237046004,0.3701058237046004,0.3361344537815123,0.9663865546218487,timevarying,complete
weight_trunc,wt-131,diffuse,0.365030845002765,5.04201680672269,10.017472215792631,0.005170813317179451,True,False,0.3629957874008815,0.3629957874008815,0.42016806722689104,0.9579831932773109,timevarying,complete
weight_trunc,wt-132,diffuse,0.3475949757266371,5.126050420168068,9.776353338106956,0.009796406241676606,True,False,0.3485116193836592,0.3485116193836592,0.6722689075630255,0.9327731092436975,equal,late_entry
weight_trunc,wt-133,diffuse,0.32502283842080587,5.04201680672269,10.983009656445523,0.018061147906962033,True,False,0.33597028554032515,0.33597028554032515,0.42016806722689104,0.9579831932773109,equal,late_entry
weight_trunc,wt-134,diffuse,0.31320385821770746,5.126050420168068,11.992856507278526,0.25943455594858755,True,False,0.7947287675655051,0.7947287675655051,0.5042016806722689,0.9495798319327731,equal,late_entry
weight_trunc,wt-135,diffuse,0.3906298173785575,5.126050420168068,10.35905666361722,0.0019695229755987993,True,False,0.7926351151806144,0.7926351151806144,0.5042016806722689,0.9495798319327731,equal,late_entry
weight_trunc,wt-136,diffuse,0.375388710397049,5.04201680672269,10.751176677427047,0.12659432674702875,True,False,0.36655901422587667,0.36655901422587667,0.42016806722689104,0.9579831932773109,equal,late_entry
weight_trunc,wt-137,diffuse,0.28102926408725837,5.04201680672269,11.540017134525073,0.2387543539202249,True,False,0.8013542488554897,0.8013542488554897,0.42016806722689104,0.9579831932773109,equal,late_entry
weight_trunc,wt-138,diffuse,0.3646000835341797,4.957983193277311,11.169302791865135,0.2050136822714254,True,False,0.7893682170250398,0.7893682170250398,0.3361344537815123,0.9663865546218487,equal,late_entry
weight_trunc,wt-139,diffuse,0.3617609580702894,5.126050420168068,10.429542853463293,0.015075917161589692,True,False,0.3619059543302329,0.3619059543302329,0.5042016806722689,0.9495798319327731,equal,late_entry
weight_trunc,wt-140,diffuse,0.4149147850157411,4.957983193277311,9.664021558252719,0.00028568193173705435,True,False,0.41210220262431285,0.41210220262431285,0.3361344537815123,0.9663865546218487,equal,late_entry
weight_trunc,wt-141,diffuse,0.2945136959753964,4.957983193277311,10.385490128331455,0.003210510451580266,True,False,0.6557550250817691,0.6557550250817691,0.5882352941176467,0.9411764705882353,equal,late_entry
weight_trunc,wt-142,diffuse,0.3527986001572959,5.04201680672269,10.46353588388304,0.003525941579266619,True,False,0.36095347218343754,0.36095347218343754,0.42016806722689104,0.9579831932773109,equal,late_entry
weight_trunc,wt-143,diffuse,0.30329009107272015,5.04201680672269,12.17124622509781,0.002986812443647563,True,False,0.761003132683592,0.761003132683592,0.42016806722689104,0.9579831932773109,equal,late_entry
weight_trunc,wt-144,diffuse,0.27404797125778885,5.04201680672269,10.858098194112095,0.016996403829555737,True,False,0.5899996050263251,0.5899996050263251,0.42016806722689104,0.9579831932773109,equal,dropout
weight_trunc,wt-145,diffuse,0.2888569259388835,5.04201680672269,11.577904529707686,0.00023481928740417385,True,False,1.3368741676294196,1.3368741676294196,0.5042016806722689,0.9495798319327731,equal,dropout
weight_trunc,wt-146,diffuse,0.37077089379492856,4.957983193277311,10.602263467719904,0.0003311081741378304,True,False,1.095903920132082,1.095903920132082,0.5042016806722689,0.9495798319327731,equal,dropout
weight_trunc,wt-147,diffuse,0.37457859812144567,5.04201680672269,9.425296320165232,0.0004517646972601513,True,False,1.1379963362521661,1.1379963362521661,0.42016806722689104,0.9579831932773109,equal,dropout
weight_trunc,wt-148,diffuse,0.40464023255781634,4.957983193277311,9.626706509888109,0.018453395396512907,True,False,0.7544064701718366,0.7544064701718366,0.5882352941176467,0.9411764705882353,equal,dropout
weight_trunc,wt-149,diffuse,0.3425145618804537,5.04201680672269,10.979824546010898,4.352129590405967e-05,True,False,1.0217170829604265,1.0217170829604265,0.5882352941176467,0.9411764705882353,equal,dropout
weight_trunc,wt-150,diffuse,0.3838281364885162,5.04201680672269,9.445047417809375,0.0001549250604253932,True,False,1.0878195078638488,1.0878195078638488,0.6722689075630255,0.9327731092436975,equal,dropout
weight_trunc,wt-151,diffuse,0.37691852184207286,5.04201680672269,9.275975136408922,0.0001759683508830381,True,False,1.1480280326786951,1.1480280326786951,0.42016806722689104,0.9579831932773109,equal,dropout
weight_trunc,wt-152,diffuse,0.2813394902253665,5.04201680672269,11.454808872120884,1.4109741343008042e-05,True,False,1.5911546132664087,1.5911546132664087,0.42016806722689104,0.9579831932773109,equal,dropout
weight_trunc,wt-153,diffuse,0.33838244092303527,5.126050420168068,11.94229983964794,4.1377356437073264e-05,True,False,1.1972043765906184,1.1972043765906184,0.5042016806722689,0.9495798319327731,equal,dropout
weight_trunc,wt-154,diffuse,0.36351578200865553,4.873949579831933,11.078242031151651,7.540199149502668e-11,True,True,0.6972764715599662,0.6972764715599662,0.25210084033613445,0.9747899159663865,equal,dropout
weight_trunc,wt-155,diffuse,0.2746751767369316,5.04201680672269,11.061933592768025,0.08978232360271116,True,False,1.072439381485673,1.072439381485673,0.42016806722689104,0.9579831932773109,equal,dropout
weight_trunc,wt-156,diffuse,0.2980716322674903,5.04201680672269,10.544384322289833,0.9998315425225895,False,False,0.313412709226412,0.313412709226412,0.42016806722689104,0.9579831932773109,equal,informative
weight_trunc,wt-157,diffuse,0.32634190598081386,5.126050420168068,10.094233066918942,0.9999274972288368,False,False,0.3286925672369195,0.3286925672369195,0.5882352941176467,0.9411764705882353,equal,informative
weight_trunc,wt-158,diffuse,0.30063305255428335,5.04201680672269,10.89486122912895,0.9997501783532721,False,False,0.3112577703747667,0.3112577703747667,0.42016806722689104,0.9579831932773109,equal,informative
weight_trunc,wt-159,diffuse,0.39321987632663685,5.04201680672269,9.259349904190897,0.9917191529123417,False,False,0.9094843302947897,0.9094843302947897,2.016806722689076,0.7983193277310924,equal,informative
weight_trunc,wt-160,diffuse,0.34349778567791894,5.04201680672269,9.570660532579835,0.995991168357283,False,False,0.3702250549900956,0.3702250549900956,0.42016806722689104,0.9579831932773109,equal,informative
weight_trunc,wt-161,diffuse,0.3095243213281269,5.126050420168068,10.050484243362705,0.9998637983958998,False,False,0.3110095272890261,0.3110095272890261,0.6722689075630255,0.9327731092436975,equal,informative
weight_trunc,wt-162,diffuse,0.4342587781977107,4.957983193277311,8.852642478584608,0.999443615898967,False,False,0.42723056018629263,0.42723056018629263,1.9327731092436973,0.8067226890756303,equal,informative
weight_trunc,wt-163,diffuse,0.34651367512556164,5.126050420168068,9.82842157840147,0.9996350318643764,False,False,0.39993290871565695,0.39993290871565695,2.016806722689076,0.7983193277310924,equal,informative
weight_trunc,wt-164,diffuse,0.3010874679657412,5.04201680672269,9.297394561349666,0.999691935683235,False,False,0.3390368392835158,0.3390368392835158,1.7647058823529416,0.8235294117647058,equal,informative
weight_trunc,wt-165,diffuse,0.3756614052218801,5.04201680672269,10.17653769978215,0.9998678441337514,False,False,0.3914559562639367,0.3914559562639367,2.521008403361345,0.7478991596638656,equal,informative
weight_trunc,wt-166,diffuse,0.35579018899284415,5.04201680672269,10.541087192341005,0.999914243640284,False,False,0.36288026206800683,0.36288026206800683,0.42016806722689104,0.9579831932773109,equal,informative
weight_trunc,wt-167,diffuse,0.31538611212275425,4.873949579831933,9.628496467785931,0.9990341741120787,False,False,0.3317997818890694,0.3317997818890694,0.5882352941176467,0.9411764705882353,equal,informative
weight_trunc,wt-168,two_cluster,2.301431055937281,3.025210084033614,3.850495938825256,5.787303740413815e-14,True,False,2.2999654206910485,2.2999654206910485,1.1764705882352944,0.8823529411764706,equal,complete
weight_trunc,wt-169,two_cluster,2.3054929181665487,6.806722689075631,3.6623105517240884,2.1568230618030236e-11,True,False,2.304918666683059,2.304918666683059,4.453781512605042,0.5546218487394958,equal,complete
weight_trunc,wt-170,two_cluster,2.5245919098590814,3.025210084033614,3.1304047277270515,1.831311611698706e-14,True,False,2.5302177726949697,2.5302177726949697,2.0168067226890756,0.7983193277310925,equal,complete
weight_trunc,wt-171,two_cluster,2.282889736402894,6.722689075630253,3.311549920029945,3.275211452592742e-12,True,False,2.27878336224246,2.27878336224246,3.7815126050420176,0.6218487394957982,equal,complete
weight_trunc,wt-172,two_cluster,2.437860836468543,6.5546218487394965,3.1391195938685414,6.568234201620726e-13,True,False,2.435481105556252,2.435481105556252,4.033613445378151,0.5966386554621849,equal,complete
weight_trunc,wt-173,two_cluster,2.469148710812062,2.857142857142857,3.2240211901804274,2.443314694824767e-13,True,False,2.47378655239013,2.47378655239013,1.0084033613445378,0.8991596638655462,equal,complete
weight_trunc,wt-174,two_cluster,2.404249338051469,6.890756302521009,3.336687366116735,1.9076595724751016e-12,True,False,2.4030197500675574,2.4030197500675574,7.0588235294117645,0.2941176470588236,equal,complete
weight_trunc,wt-175,two_cluster,2.2059057662930663,2.857142857142857,3.8600625157432944,9.146489682723481e-14,True,False,2.2050258441198265,2.2050258441198265,1.2605042016806722,0.8739495798319328,equal,complete
weight_trunc,wt-176,two_cluster,2.24225267606108,6.890756302521009,3.3952480208792912,1.0018042660050878e-11,True,False,2.240200237640431,2.240200237640431,4.201680672268908,0.5798319327731092,equal,complete
weight_trunc,wt-177,two_cluster,2.2981674706938673,3.1092436974789917,3.7750394519389237,1.7189626148043328e-14,True,False,2.3035941803778965,2.3035941803778965,1.7647058823529416,0.8235294117647058,equal,complete
weight_trunc,wt-178,two_cluster,2.3772362669569,3.1092436974789917,3.300266874352879,8.847388259148867e-14,True,False,2.3761757985777843,2.3761757985777843,4.53781512605042,0.546218487394958,equal,complete
weight_trunc,wt-179,two_cluster,2.334826970145683,6.9747899159663875,3.6149506395528763,1.2724438888793004e-11,True,False,2.330819629847467,2.330819629847467,4.033613445378152,0.5966386554621848,equal,complete
weight_trunc,wt-180,two_cluster,2.2629722579468208,3.1092436974789917,3.4929863763443074,5.760725264304533e-14,True,False,2.260609631729616,2.260609631729616,2.100840336134454,0.7899159663865546,static,complete
weight_trunc,wt-181,two_cluster,2.306858053039164,2.857142857142857,4.896379146247491,1.8962673808541732e-14,True,False,2.3124173939406285,2.3124173939406285,0.5882352941176467,0.9411764705882353,static,complete
weight_trunc,wt-182,two_cluster,2.288044630847922,3.19327731092437,3.534025936488776,3.083855463750797e-13,True,False,2.2939165962937857,2.2939165962937857,1.8487394957983194,0.8151260504201681,static,complete
weight_trunc,wt-183,two_cluster,2.211555221536353,6.9747899159663875,4.500124724043979,1.5147159600852431e-09,True,False,2.2106980247549877,2.2106980247549877,4.369747899159664,0.5630252100840336,static,complete
weight_trunc,wt-184,two_cluster,2.3924714710162434,2.857142857142857,3.5005692079011848,1.8803644737464634e-13,True,False,2.3899549690112494,2.3899549690112494,1.3445378151260505,0.865546218487395,static,complete
weight_trunc,wt-185,two_cluster,2.29827111306745,7.058823529411765,4.620716386496934,4.0927043042225474e-10,True,False,2.2893376804310264,2.2893376804310264,4.53781512605042,0.546218487394958,static,complete
weight_trunc,wt-186,two_cluster,2.2684445568679017,2.857142857142857,4.58924972057349,2.2328959006328238e-14,True,False,2.266197221817767,2.266197221817767,1.2605042016806727,0.8739495798319328,static,complete
weight_trunc,wt-187,two_cluster,2.443433805343227,3.2773109243697482,3.290027874528502,2.6272712296577944e-13,True,False,2.44030126488503,2.44030126488503,1.2605042016806722,0.8739495798319328,static,complete
weight_trunc,wt-188,two_cluster,2.1889166033430505,6.5546218487394965,3.7512464041767712,5.296283998054002e-38,True,False,2.192935193382499,2.192935193382499,4.201680672268908,0.5798319327731092,static,complete
weight_trunc,wt-189,two_cluster,2.351137391763291,2.6050420168067228,5.367271632236644,2.639671251757139e-15,True,False,2.3519468187027086,2.3519468187027086,0.6722689075630255,0.9327731092436975,static,complete
weight_trunc,wt-190,two_cluster,2.1897901848435457,6.890756302521009,3.66094241415861,5.939290908421971e-11,True,False,2.1930036211606123,2.1930036211606123,3.9495798319327733,0.6050420168067226,static,complete
weight_trunc,wt-191,two_cluster,2.3468385217294148,3.4453781512605044,4.237382083201171,9.24972451230681e-15,True,False,2.3455428405215675,2.3455428405215675,1.3445378151260505,0.865546218487395,static,complete
weight_trunc,wt-192,two_cluster,2.2012901487433894,2.4369747899159666,7.089530575787168,8.964931556051975e-18,True,False,2.2066215248144507,2.2066215248144507,1.4285714285714284,0.8571428571428572,timing_corr,complete
weight_trunc,wt-193,two_cluster,2.3379283235339496,2.689075630252101,8.413591573387668,1.4312830496047373e-17,True,False,2.341394801513086,2.341394801513086,1.092436974789916,0.8907563025210083,timing_corr,complete
weight_trunc,wt-194,two_cluster,2.459590350348545,2.4369747899159666,6.858041370560995,1.8516899590519565e-19,True,False,2.4687788134794286,2.4687788134794286,1.3445378151260503,0.865546218487395,timing_corr,complete
weight_trunc,wt-195,two_cluster,2.256955632928547,2.689075630252101,9.140057531159675,8.373115664385309e-21,True,False,2.265212521867504,2.265212521867504,0.3361344537815123,0.9663865546218487,timing_corr,complete
weight_trunc,wt-196,two_cluster,2.162245787293965,2.6050420168067228,7.829173196337144,4.065360135766202e-17,True,False,2.157266391528754,2.157266391528754,0.7563025210084033,0.9243697478991597,timing_corr,complete
weight_trunc,wt-197,two_cluster,2.3111717408576933,2.6050420168067228,7.837283368097198,4.370187057808668e-19,True,False,2.315083156277282,2.315083156277282,0.7563025210084038,0.9243697478991596,timing_corr,complete
weight_trunc,wt-198,two_cluster,2.2086418673689763,2.857142857142857,7.177503483183245,5.434306153400344e-17,True,False,2.2102747385530157,2.2102747385530157,0.9243697478991599,0.907563025210084,timing_corr,complete
weight_trunc,wt-199,two_cluster,2.5186134975474244,2.4369747899159666,9.587802148806444,8.424659470099126e-20,True,False,2.5132092244557387,2.5132092244557387,0.42016806722689104,0.9579831932773109,timing_corr,complete
weight_trunc,wt-200,two_cluster,2.3163144872712618,2.6050420168067228,7.851390585542617,7.003677456027751e-21,True,False,2.3187643938926996,2.3187643938926996,0.7563025210084033,0.9243697478991597,timing_corr,complete
weight_trunc,wt-201,two_cluster,2.386495902964031,2.7731092436974794,6.301567118836717,2.0389320765347408e-19,True,False,2.3896410093697056,2.3896410093697056,1.8487394957983196,0.8151260504201681,timing_corr,complete
weight_trunc,wt-202,two_cluster,2.263619869745511,2.9411764705882355,6.185696636623119,1.3785713947215092e-17,True,False,2.2626703875460468,2.2626703875460468,1.2605042016806722,0.8739495798319328,timing_corr,complete
weight_trunc,wt-203,two_cluster,2.5321396237282294,2.4369747899159666,8.240509972082018,2.4480303839887516e-19,True,False,2.5321741525507537,2.5321741525507537,1.092436974789916,0.8907563025210083,timing_corr,complete
weight_trunc,wt-204,two_cluster,2.265504216220007,3.025210084033614,3.1657490219609805,1.1734929665198356e-12,True,False,2.2651297135407753,2.2651297135407753,4.7058823529411775,0.5294117647058822,timevarying,complete
weight_trunc,wt-205,two_cluster,2.422364609947013,7.647058823529412,3.575432792122263,1.0601201121182898e-11,True,False,2.4275380532402338,2.4275380532402338,5.378151260504202,0.46218487394957974,timevarying,complete
weight_trunc,wt-206,two_cluster,2.353289358502406,2.689075630252101,3.432963516685836,3.190608798738123e-13,True,False,2.3562167700984054,2.3562167700984054,4.621848739495798,0.5378151260504203,timevarying,complete
weight_trunc,wt-207,two_cluster,2.365417412245734,3.1092436974789917,3.1526327560855987,8.085710913137103e-13,True,False,2.366389389560945,2.366389389560945,0.8403361344537816,0.9159663865546218,timevarying,complete
weight_trunc,wt-208,two_cluster,2.222577510241159,6.722689075630253,3.166035167952405,6.725656904909457e-12,True,False,2.222828068282065,2.222828068282065,4.201680672268909,0.5798319327731092,timevarying,complete
weight_trunc,wt-209,two_cluster,2.1920695830291463,7.226890756302522,4.438894453248534,8.634134256802757e-09,True,False,2.190392795556945,2.190392795556945,4.2857142857142865,0.5714285714285714,timevarying,complete
weight_trunc,wt-210,two_cluster,2.549937077558337,2.6050420168067228,3.9952453864884503,1.7838987699846467e-15,True,False,2.5520878354303225,2.5520878354303225,0.5882352941176472,0.9411764705882353,timevarying,complete
weight_trunc,wt-211,two_cluster,2.261183065426542,3.1092436974789917,4.2468398595368075,2.1835644274887146e-14,True,False,2.2593167978821764,2.2593167978821764,1.092436974789916,0.8907563025210083,timevarying,complete
weight_trunc,wt-212,two_cluster,2.186594840416009,2.857142857142857,4.544652532343941,5.010496647359673e-14,True,False,2.186893055407245,2.186893055407245,0.5882352941176467,0.9411764705882353,timevarying,complete
weight_trunc,wt-213,two_cluster,2.317333148931141,2.857142857142857,3.1506783208711195,2.3739710102869615e-12,True,False,2.3160333136650597,2.3160333136650597,3.6134453781512605,0.6386554621848739,timevarying,complete
weight_trunc,wt-214,two_cluster,2.247630781027877,2.857142857142857,3.5517017468196634,5.513213487341422e-14,True,False,2.250170650026464,2.250170650026464,7.899159663865547,0.2100840336134453,timevarying,complete
weight_trunc,wt-215,two_cluster,2.357060801780158,7.226890756302522,3.50624493664228,8.484379197739778e-12,True,False,2.35059062513773,2.35059062513773,4.7058823529411775,0.5294117647058822,timevarying,complete
weight_trunc,wt-216,two_cluster,2.3025515431404973,3.2773109243697482,3.3064989156493625,4.3008438285619454e-13,True,False,2.3807174665789375,2.3807174665789375,1.6806722689075628,0.8319327731092437,equal,late_entry
weight_trunc,wt-217,two_cluster,2.2667770984489586,3.1092436974789917,3.8291637417146527,7.678791517143315e-14,True,False,2.3922880591683953,2.3922880591683953,2.016806722689076,0.7983193277310924,equal,late_entry
weight_trunc,wt-218,two_cluster,2.1688751135526743,3.19327731092437,3.5865467837137137,5.069073787409931e-13,True,False,2.4273198702892627,2.4273198702892627,0.9243697478991595,0.907563025210084,equal,late_entry
weight_trunc,wt-219,two_cluster,2.456550416292663,3.025210084033614,3.6947959973121263,3.838506674978583e-18,True,False,2.6555145391605297,2.6555145391605297,1.1764705882352944,0.8823529411764706,equal,late_entry
weight_trunc,wt-220,two_cluster,2.3798584524977673,7.058823529411765,3.561478165191828,2.904085308922043e-11,True,False,2.3582164379091366,2.3582164379091366,4.705882352941177,0.5294117647058824,equal,late_entry
weight_trunc,wt-221,two_cluster,2.0742975854987464,2.857142857142857,5.033974327747061,9.337541991826852e-15,True,False,2.2283559077378174,2.2283559077378174,1.092436974789916,0.8907563025210083,equal,late_entry
weight_trunc,wt-222,two_cluster,2.2629232299533335,3.19327731092437,4.0500362280701605,6.510336090277818e-14,True,False,2.294209989830494,2.294209989830494,5.46218487394958,0.45378151260504196,equal,late_entry
weight_trunc,wt-223,two_cluster,2.2624422418040773,3.19327731092437,3.573256253525658,7.677534758257652e-12,True,False,2.322901544174374,2.322901544174374,0.7563025210084033,0.9243697478991597,equal,late_entry
weight_trunc,wt-224,two_cluster,2.2811073559923236,2.9411764705882355,3.2273263709211006,1.1572635233221094e-12,True,False,2.3104955675507743,2.3104955675507743,3.949579831932773,0.6050420168067228,equal,late_entry
weight_trunc,wt-225,two_cluster,2.25560595051257,7.058823529411765,3.9784114653166065,4.441498061733478e-10,True,False,2.2283767041688685,2.2283767041688685,4.11764705882353,0.588235294117647,equal,late_entry
weight_trunc,wt-226,two_cluster,2.246278292357329,6.9747899159663875,3.450772340864869,1.018693823153595e-11,True,False,2.3101259124809923,2.3101259124809923,4.033613445378152,0.5966386554621848,equal,late_entry
weight_trunc,wt-227,two_cluster,2.073098659505855,3.4453781512605044,4.310101458892377,7.106778691906863e-13,True,False,2.2280944503316955,2.2280944503316955,1.0084033613445378,0.8991596638655462,equal,late_entry
weight_trunc,wt-228,two_cluster,2.093556367797375,3.19327731092437,4.197781060743539,7.311781099248601e-13,True,False,2.3294104005234466,2.3294104005234466,0.9243697478991595,0.907563025210084,equal,dropout
weight_trunc,wt-229,two_cluster,2.177213477526552,6.470588235294118,3.361319247538442,1.0679534161740593e-11,True,False,2.2330499886835513,2.2330499886835513,3.5294117647058822,0.6470588235294118,equal,dropout
weight_trunc,wt-230,two_cluster,2.077040702150671,3.4453781512605044,4.058665676849084,3.999443812809067e-12,True,False,2.067376335378366,2.067376335378366,1.092436974789916,0.8907563025210083,equal,dropout
weight_trunc,wt-231,two_cluster,2.4700249758397623,7.142857142857143,3.060373619873809,4.4370252175647715e-13,True,False,2.548921105001057,2.548921105001057,4.621848739495798,0.5378151260504203,equal,dropout
weight_trunc,wt-232,two_cluster,2.420566171119834,6.38655462184874,2.9785079387456106,7.938847005349336e-13,False,False,2.5438313892900233,2.5438313892900233,4.453781512605042,0.5546218487394958,equal,dropout
weight_trunc,wt-233,two_cluster,2.29021523401887,3.3613445378151265,3.4972255855445344,1.281605877177831e-13,True,False,2.3830892330703723,2.3830892330703723,1.7647058823529416,0.8235294117647058,equal,dropout
weight_trunc,wt-234,two_cluster,2.3443716222446747,7.394957983193278,4.398114705257834,1.3501047700727134e-09,True,False,2.4344878283762794,2.4344878283762794,4.453781512605042,0.5546218487394958,equal,dropout
weight_trunc,wt-235,two_cluster,2.282511527394844,3.4453781512605044,3.5356019540833827,1.491284287194944e-13,True,False,2.3685668133667046,2.3685668133667046,7.4789915966386555,0.25210084033613445,equal,dropout
weight_trunc,wt-236,two_cluster,2.1710218210783996,3.3613445378151265,3.528099763653881,4.662329036500648e-12,True,False,2.1693035609178946,2.1693035609178946,3.949579831932773,0.6050420168067228,equal,dropout
weight_trunc,wt-237,two_cluster,2.4116724830901166,3.5294117647058827,3.507827995892322,1.5432202707315203e-13,True,False,2.526880416262418,2.526880416262418,5.042016806722689,0.4957983193277311,equal,dropout
weight_trunc,wt-238,two_cluster,2.3178012473331306,3.5294117647058827,3.2184950534133248,5.365242015841301e-12,True,False,2.270928721617694,2.270928721617694,5.210084033613446,0.4789915966386553,equal,dropout
weight_trunc,wt-239,two_cluster,2.2036830421766522,3.19327731092437,4.173863855120315,5.672512289827486e-13,True,False,2.235569539801982,2.235569539801982,3.3613445378151265,0.6638655462184874,equal,dropout
weight_trunc,wt-240,two_cluster,2.2760696150126556,2.7731092436974794,5.958396064252081,3.690086724508705e-12,True,False,2.2880610789848186,2.2880610789848186,1.8487394957983194,0.8151260504201681,equal,informative
weight_trunc,wt-241,two_cluster,2.3918991136863643,2.3529411764705883,4.914652021309857,1.8545607987106804e-15,True,False,2.3942566789802355,2.3942566789802355,1.8487394957983196,0.8151260504201681,equal,informative
weight_trunc,wt-242,two_cluster,2.3185850527254224,2.521008403361345,5.541145220930756,2.441316133288172e-13,True,False,2.3152737908295786,2.3152737908295786,1.1764705882352944,0.8823529411764706,equal,informative
weight_trunc,wt-243,two_cluster,2.261933094630726,2.689075630252101,5.476782519616861,1.005274598575244e-12,True,False,2.26804274679252,2.26804274679252,2.5210084033613445,0.7478991596638656,equal,informative
weight_trunc,wt-244,two_cluster,2.1960469688333832,3.19327731092437,5.542189050876618,7.109682265928034e-11,True,False,2.192741974011739,2.192741974011739,1.1764705882352944,0.8823529411764706,equal,informative
weight_trunc,wt-245,two_cluster,2.423756881445618,3.025210084033614,5.39810155919273,3.7441922496453997e-13,True,False,2.4118488844267674,2.4118488844267674,1.092436974789916,0.8907563025210083,equal,informative
weight_trunc,wt-246,two_cluster,2.29152562937522,2.9411764705882355,6.211742136764793,6.137621295291978e-12,True,False,2.30035685419951,2.30035685419951,1.3445378151260505,0.865546218487395,equal,informative
weight_trunc,wt-247,two_cluster,2.391125178489849,2.689075630252101,4.1760725645256205,7.03260771665578e-17,True,False,2.417006535317213,2.417006535317213,2.605042016806723,0.7394957983193277,equal,informative
weight_trunc,wt-248,two_cluster,2.280507608598266,3.1092436974789917,5.224097499637243,4.619617306725965e-13,True,False,2.2950553305773904,2.2950553305773904,1.0084033613445378,0.8991596638655462,equal,informative
weight_trunc,wt-249,two_cluster,2.1495777145874384,3.1092436974789917,5.499305864628216,2.5560607771138426e-10,True,False,2.1453262673651277,2.1453262673651277,1.3445378151260505,0.865546218487395,equal,informative
weight_trunc,wt-250,two_cluster,2.3840999037523547,2.857142857142857,6.419491559869291,6.656998582052483e-14,True,False,2.475324876908014,2.475324876908014,2.184873949579832,0.7815126050420168,equal,informative
weight_trunc,wt-251,two_cluster,2.2138739256694886,2.7731092436974794,6.387378776137068,4.911254502698283e-12,True,False,2.2126935659714526,2.2126935659714526,2.016806722689076,0.7983193277310924,equal,informative
