cell_id,block,n_units,n_t,regime,f_family,shape,amplitude,width,noise_kind,noise_sd,weight_kind,miss_kind,trend_kind,trend_scale,seed,label,tau_sd_true,agg_break,agg_strength,noise_floor,f_agg_strength,f_excess_sd_ratio,f_n_modes,f_mode_mass2,f_s1_width,f_s3_alignment,f_s4_weighting,f_noise_floor_ratio,f_fwhm_ratio,f_agg_skew,f_log_n,f_log_T,f_frac_valid_units,f_binseg_n_breaks,f_unit_strength_med
development-base-0,base,25,60,synchronous,degenerate,step,1.0,0.2,iid,0.15,equal,complete,none,0.0,100,SYNCHRONOUS,1.049796142837641e-06,5.084745762711864,40.12098281479235,8.881784197001252e-16,40.12098281479235,0.0,1.0,0.24266626460169405,0.0,1.0,0.0,8.881784197001251e-07,0.016949152542372926,0.0010393133995310552,3.2188758248682006,4.0943445622221,1.0,5.0,6.969307615851246
development-base-1,base,25,60,synchronous,degenerate,step,1.0,0.5,iid,0.15,equal,complete,none,0.0,8019,SYNCHRONOUS,9.606095249422161e-07,5.084745762711864,34.469532818040726,8.881784197001252e-16,34.469532818040726,0.0,1.0,0.24266626460169405,0.0,1.0,0.0,8.881784197001251e-07,0.016949152542372926,0.0030251560218201618,3.2188758248682006,4.0943445622221,1.0,5.0,6.7957226366804715
development-base-2,base,25,60,synchronous,degenerate,logistic,1.0,0.2,iid,0.15,equal,complete,none,0.0,15938,SYNCHRONOUS,7.820199967014497e-07,5.084745762711864,10.623025967030657,8.881784197001252e-16,10.623025967030657,0.016242913289099596,1.0,0.13805389091080555,0.3194439613522918,1.0,0.0,5.46809801845196e-15,0.05084745762711869,-0.0032525088576906094,3.2188758248682006,4.0943445622221,1.0,5.0,5.98565028785592
development-base-3,base,25,120,synchronous,degenerate,logistic,1.0,0.2,iid,0.15,equal,complete,none,0.0,23857,SYNCHRONOUS,9.23862494752427e-07,5.04201680672269,10.786198117285828,8.881784197001252e-16,10.786198117285828,0.009648874013046942,1.0,0.18745605786656827,0.19136933459209768,1.0,0.0,9.204995510348201e-15,0.05042016806722689,-0.005271964319993288,3.2188758248682006,4.787491742782046,1.0,5.0,5.698861237091714
development-base-4,base,25,120,synchronous,degenerate,logistic,1.0,0.5,iid,0.15,equal,complete,none,0.0,31776,SYNCHRONOUS,1.1647170299364143e-06,5.126050420168068,6.916252910699565,8.881784197001252e-16,6.916252910699565,0.01978915768676979,1.0,0.10780633927350299,0.16820784033754319,1.0,0.0,4.488207298959089e-15,0.11764705882352944,0.007696543498179898,3.2188758248682006,4.787491742782046,1.0,5.0,4.661397264697819
development-base-5,base,60,60,synchronous,degenerate,step,1.0,0.2,iid,0.15,equal,complete,none,0.0,39695,SYNCHRONOUS,1.0178844250575904e-06,5.084745762711864,51.63618518864035,8.881784197001252e-16,51.63618518864035,0.0,1.0,0.24773441733477716,0.0,1.0,0.0,8.881784197001251e-07,0.016949152542372926,-0.0006862002254250025,4.0943445622221,4.0943445622221,1.0,5.0,6.8916577796083045
development-base-6,base,60,60,synchronous,degenerate,logistic,1.0,0.2,iid,0.15,equal,complete,none,0.0,47614,SYNCHRONOUS,1.076344772167019e-06,5.084745762711864,11.225267591109535,8.881784197001252e-16,11.225267591109535,0.010907759647631566,1.0,0.17169825857085547,0.21451927307008728,1.0,0.0,8.142629177687996e-15,0.05084745762711869,-0.0013846521986756197,4.0943445622221,4.0943445622221,1.0,5.0,5.748929854541418
development-base-7,base,60,60,synchronous,degenerate,logistic,1.0,0.5,iid,0.15,equal,complete,none,0.0,55533,SYNCHRONOUS,1.0927632894452828e-06,5.084745762711864,6.993652777316954,8.881784197001252e-16,6.993652777316954,0.02185206735120195,1.0,0.1187776872061945,0.03791976393296809,1.0,0.0,4.064505227013553e-15,0.576271186440678,0.0031301593462666295,4.0943445622221,4.0943445622221,1.0,5.0,4.676139026467279
development-base-8,base,60,120,synchronous,degenerate,step,1.0,0.2,iid,0.15,equal,complete,none,0.0,63452,SYNCHRONOUS,1.0529957657349266e-06,5.04201680672269,59.633191566741786,8.881784197001252e-16,59.633191566741786,0.0,1.0,0.25025954464752237,0.0,1.0,0.0,8.881784197001251e-07,0.008403361344537874,0.00033699305121734704,4.0943445622221,4.787491742782046,1.0,5.0,6.609121426780292
development-base-9,base,60,120,synchronous,degenerate,step,1.0,0.5,iid,0.15,equal,complete,none,0.0,71371,SYNCHRONOUS,9.284034734267052e-07,5.04201680672269,51.37468902404891,8.881784197001252e-16,51.37468902404891,0.0,1.0,0.25103657773098226,0.0,1.0,0.0,8.881784197001251e-07,0.008403361344537874,0.0007306589776933112,4.0943445622221,4.787491742782046,1.0,5.0,6.697212444379202
development-base-10,base,60,120,synchronous,degenerate,logistic,1.0,0.2,iid,0.15,equal,complete,none,0.0,79290,SYNCHRONOUS,9.85931434045195e-07,5.04201680672269,10.986522951444055,8.881784197001252e-16,10.986522951444055,0.009315568150317024,1.0,0.18780338190056933,0.15836465855538925,1.0,0.0,9.534345145335006e-15,0.05882352941176476,0.00019653306968775707,4.0943445622221,4.787491742782046,1.0,5.0,5.598141520988861
development-base-11,base,25,60,near_synchronous,narrow_normal,step,1.0,0.2,iid,0.15,equal,complete,none,0.0,87209,NEAR_SYNCHRONOUS,0.19319981930471464,4.915254237288135,12.04996951204831,8.881784197001252e-16,12.04996951204831,0.020896318654132134,1.0,0.09537914786392307,0.616441400296898,1.0,0.0,4.2504061811121585e-15,0.03389830508474576,-0.0336305227726806,3.2188758248682006,4.0943445622221,1.0,5.0,6.904799158151132
development-base-12,base,25,60,near_synchronous,narrow_normal,step,1.0,0.5,iid,0.15,equal,complete,none,0.0,95128,NEAR_SYNCHRONOUS,0.1923359279698051,5.084745762711864,14.160661281396443,8.881784197001252e-16,14.160661281396443,0.020043044744534902,1.0,0.1255035371916414,0.591269819963778,1.0,0.0,4.4313547717958525e-15,0.03389830508474585,0.0013011880119340575,3.2188758248682006,4.0943445622221,1.0,5.0,6.559805287195484
development-base-13,base,25,60,near_synchronous,narrow_normal,logistic,1.0,0.2,iid,0.15,equal,complete,none,0.0,103047,NEAR_SYNCHRONOUS,0.18244868083492277,5.084745762711864,9.782016506405986,8.881784197001252e-16,9.782016506405986,0.019484892017898207,1.0,0.1378862703101506,0.229921725811199,1.0,0.0,4.5582927474490105e-15,0.08474576271186436,-0.015228008186298879,3.2188758248682006,4.0943445622221,1.0,5.0,5.68763402534807
development-base-14,base,25,60,near_synchronous,narrow_normal,logistic,1.0,0.5,iid,0.15,equal,complete,none,0.0,110966,NEAR_SYNCHRONOUS,0.15661270235085728,5.084745762711864,7.0161863601564916,8.881784197001252e-16,7.0161863601564916,0.02585176402025439,1.0,0.098797882674336,0.06355225321645872,1.0,0.0,3.4356588548628768e-15,0.4067796610169491,-0.03191411606667535,3.2188758248682006,4.0943445622221,1.0,5.0,4.7734809693645595
development-base-15,base,25,120,near_synchronous,narrow_normal,step,1.0,0.2,iid,0.15,equal,complete,none,0.0,118885,NEAR_SYNCHRONOUS,0.18080730018314992,5.04201680672269,14.170449152564098,8.881784197001252e-16,14.170449152564098,0.017511282390092236,1.0,0.13997756824444355,1.0419213022104863,1.0,0.0,5.072035273685327e-15,0.01680672268907566,-0.001361167188176982,3.2188758248682006,4.787491742782046,1.0,5.0,6.536790074908844
development-base-16,base,25,120,near_synchronous,narrow_normal,step,1.0,0.5,iid,0.15,equal,complete,none,0.0,126804,NEAR_SYNCHRONOUS,0.14937040241908275,5.04201680672269,16.75743713035301,8.881784197001252e-16,16.75743713035301,0.01512978478645633,1.0,0.16632017359358087,0.90022219479415,1.0,0.0,5.87039691731235e-15,0.01680672268907566,-0.012110789025710004,3.2188758248682006,4.787491742782046,1.0,5.0,6.735675007698098
development-base-17,base,60,60,near_synchronous,narrow_normal,step,1.0,0.2,iid,0.15,equal,complete,none,0.0,134723,NEAR_SYNCHRONOUS,0.18003462845743273,5.084745762711864,14.402329879824713,8.881784197001252e-16,14.402329879824713,0.018435314801140957,1.0,0.1192239348299042,0.5438417866336582,1.0,0.0,4.8178098897728405e-15,0.03389830508474576,-0.006187596925543766,4.0943445622221,4.0943445622221,1.0,5.0,6.637496310296402
development-base-18,base,60,60,near_synchronous,narrow_normal,step,1.0,0.5,iid,0.15,equal,complete,none,0.0,142642,NEAR_SYNCHRONOUS,0.18621655365484951,5.084745762711864,13.488314273933613,8.881784197001252e-16,13.488314273933613,0.01822854893209231,1.0,0.11551494715528371,0.3584947956644818,1.0,0.0,4.8724581589511e-15,0.05084745762711869,0.00601036342310537,4.0943445622221,4.0943445622221,1.0,5.0,6.648562458022845
development-base-19,base,60,60,near_synchronous,narrow_normal,logistic,1.0,0.2,iid,0.15,equal,complete,none,0.0,150561,NEAR_SYNCHRONOUS,0.19158646179398586,5.084745762711864,10.678974720171334,8.881784197001252e-16,10.678974720171334,0.020947808634420813,1.0,0.1164349285687802,0.308980177357707,1.0,0.0,4.239958628611381e-15,0.06779661016949153,0.0062412275739449794,4.0943445622221,4.0943445622221,1.0,5.0,5.769007824020656
development-base-20,base,60,60,near_synchronous,narrow_normal,logistic,1.0,0.5,iid,0.15,equal,complete,none,0.0,158480,NEAR_SYNCHRONOUS,0.20591640423433327,5.254237288135593,6.752910328561059,0.0,6.752910328561059,0.0330532617786397,1.0,0.07925355549502126,0.05735713073352183,1.0,0.0,0.0,0.576271186440678,0.014293350529214323,4.0943445622221,4.0943445622221,1.0,5.0,4.723374823760363
development-base-21,base,60,120,near_synchronous,narrow_normal,step,1.0,0.2,iid,0.15,equal,complete,none,0.0,166399,NEAR_SYNCHRONOUS,0.16955292294715943,5.04201680672269,15.083331332611131,8.881784197001252e-16,15.083331332611131,0.017303580068885722,1.0,0.14304522200519698,0.686375342732467,1.0,0.0,5.132917096718009e-15,0.025210084033613446,0.008188053506208362,4.0943445622221,4.787491742782046,1.0,5.0,6.471075219852172
development-base-22,base,60,120,near_synchronous,narrow_normal,step,1.0,0.5,iid,0.15,equal,complete,none,0.0,174318,NEAR_SYNCHRONOUS,0.19877563052511232,5.04201680672269,14.45944057389261,8.881784197001252e-16,14.45944057389261,0.019851922224232772,1.0,0.12774118914365287,0.7874595815612334,1.0,0.0,4.474017224467799e-15,0.025210084033613446,0.0006759264564189968,4.0943445622221,4.787491742782046,1.0,5.0,6.711618945422069
development-base-23,base,60,120,near_synchronous,narrow_normal,logistic,1.0,0.2,iid,0.15,equal,complete,none,0.0,182237,NEAR_SYNCHRONOUS,0.17792287087030706,5.04201680672269,10.232725694395306,8.881784197001252e-16,10.232725694395306,0.019375878810412493,1.0,0.1194465545153641,0.25619217538212075,1.0,0.0,4.583938764226905e-15,0.07563025210084033,0.019078784491853223,4.0943445622221,4.787491742782046,1.0,5.0,5.613908902398913
development-base-24,base,60,120,near_synchronous,narrow_normal,logistic,1.0,0.5,iid,0.15,equal,complete,none,0.0,190156,NEAR_SYNCHRONOUS,0.22486326592185107,5.126050420168068,6.891860018138034,8.881784197001252e-16,6.891860018138034,0.029927451922916837,1.0,0.09123367411047179,0.06848782266975198,1.0,0.0,2.967771603101318e-15,0.43697478991596644,0.014194922383869208,4.0943445622221,4.787491742782046,1.0,5.0,4.622538767444344
development-base-25,base,25,60,diffuse,broad_normal,step,1.0,0.2,iid,0.15,equal,complete,none,0.0,198075,DIFFUSE_ASYNCHRONOUS,0.7218745094243382,5.254237288135593,8.198488866559964,0.0,8.198488866559964,0.07188998585389322,1.0,0.06968514594870538,4.241509165379689,1.0,0.0,0.0,0.016949152542372926,0.03802455049020146,3.2188758248682006,4.0943445622221,1.0,5.0,6.805494534356626
development-base-26,base,25,60,diffuse,broad_normal,logistic,1.0,0.2,iid,0.15,equal,complete,none,0.0,205994,DIFFUSE_ASYNCHRONOUS,0.9728574884157362,4.915254237288135,5.745482828857499,0.0,5.745482828857499,0.09424460403257026,2.0,0.0442155031033901,0.15028193616004445,1.0,0.0,0.0,0.6271186440677966,-0.0709118712504273,3.2188758248682006,4.0943445622221,1.0,5.0,5.8086878904550945
development-base-27,base,25,60,diffuse,broad_normal,logistic,1.0,0.5,iid,0.15,equal,complete,none,0.0,213913,DIFFUSE_ASYNCHRONOUS,0.9213123242093909,5.084745762711864,5.592828112053388,0.0,5.592828112053388,0.09104961065328568,1.0,0.0425555710478449,0.17906423428479518,1.0,0.0,0.0,0.5084745762711864,0.01898124990868135,3.2188758248682006,4.0943445622221,1.0,5.0,4.612356146329563
development-base-28,base,25,120,diffuse,broad_normal,step,1.0,0.5,iid,0.15,equal,complete,none,0.0,221832,DIFFUSE_ASYNCHRONOUS,0.725161598517111,4.705882352941177,7.038048406564561,0.0,7.038048406564561,0.07243989933459491,1.0,0.04223259729125841,0.3315518469544921,1.0,0.0,0.0,0.21848739495798322,-0.12626035933311613,3.2188758248682006,4.787491742782046,1.0,5.0,6.566896538272701
development-base-29,base,25,120,diffuse,broad_normal,logistic,1.0,0.2,iid,0.15,equal,complete,none,0.0,229751,DIFFUSE_ASYNCHRONOUS,0.7553533410560778,4.705882352941177,6.970255138724733,0.0,6.970255138724733,0.07536161440442239,1.0,0.03772035134344939,0.07600027215361241,1.0,0.0,0.0,0.9915966386554622,-0.09384485290646553,3.2188758248682006,4.787491742782046,1.0,5.0,5.750945150669029
development-base-30,base,25,120,diffuse,broad_normal,logistic,1.0,0.5,iid,0.15,equal,complete,none,0.0,237670,DIFFUSE_ASYNCHRONOUS,0.7657437846020175,5.126050420168068,6.098478098853524,0.0,6.098478098853524,0.0699240460748377,1.0,0.04537112329972911,0.12419345496874157,1.0,0.0,0.0,0.5630252100840336,0.021616174248493252,3.2188758248682006,4.787491742782046,1.0,5.0,4.790032379165476
development-base-31,base,60,60,diffuse,broad_normal,step,1.0,0.5,iid,0.15,equal,complete,none,0.0,245589,DIFFUSE_ASYNCHRONOUS,0.9558568977468658,5.084745762711864,6.494820463756245,0.0,6.494820463756245,0.09589719404042454,1.0,0.03560589303767198,0.37719562989233657,1.0,0.0,0.0,0.2542372881355932,0.010764821104706394,4.0943445622221,4.0943445622221,1.0,5.0,6.6751954576976145
development-base-32,base,60,60,diffuse,broad_normal,logistic,1.0,0.2,iid,0.15,equal,complete,none,0.0,253508,DIFFUSE_ASYNCHRONOUS,0.8762984140076983,5.084745762711864,6.617309801360596,4.440892098500626e-16,6.617309801360596,0.09038665211129154,1.0,0.03803794179279778,0.5925347193962445,1.0,0.0,4.913216713716348e-16,0.15254237288135597,-0.01313593216591161,4.0943445622221,4.0943445622221,1.0,5.0,5.668226211049237
development-base-33,base,60,120,diffuse,broad_normal,step,1.0,0.2,iid,0.15,equal,complete,none,0.0,261427,DIFFUSE_ASYNCHRONOUS,0.9602776431097454,5.294117647058824,6.750412057959615,0.0,6.750412057959615,0.09584376532731444,1.0,0.04329300074599366,0.5184276397250188,1.0,0.0,0.0,0.184873949579832,0.07235956211060793,4.0943445622221,4.787491742782046,1.0,5.0,6.840159797874716
development-base-34,base,60,120,diffuse,broad_normal,step,1.0,0.5,iid,0.15,equal,complete,none,0.0,269346,DIFFUSE_ASYNCHRONOUS,0.7214596399340648,4.873949579831933,7.006931230555859,0.0,7.006931230555859,0.07236370891028723,1.0,0.036069439597143184,0.3444512544129671,1.0,0.0,0.0,0.21008403361344544,-0.04917910877178622,4.0943445622221,4.787491742782046,1.0,5.0,6.78155391434241
development-base-35,base,25,60,two_cluster,two_normal_mix,step,1.0,0.2,iid,0.15,equal,complete,none,0.0,277265,CLUSTERED,1.2730820887786893,5.932203389830509,4.652122821306059,4.440892098500626e-16,4.652122821306059,0.1273169075338449,2.0,0.05064218209537162,0.41731653024982496,1.0,0.0,3.4880615501284423e-16,0.30508474576271183,0.10419549867362077,3.2188758248682006,4.0943445622221,1.0,5.0,6.894748197951705
development-base-36,base,25,60,two_cluster,two_normal_mix,step,1.0,0.5,iid,0.15,equal,complete,none,0.0,285184,CLUSTERED,1.406693972840203,4.23728813559322,3.964488922541109,0.0,3.964488922541109,0.13977615790157058,2.0,0.05419103507044082,0.4340417534838244,1.0,0.0,0.0,0.3220338983050848,0.014009531769149609,3.2188758248682006,4.0943445622221,1.0,5.0,6.656339572228931
development-base-37,base,25,60,two_cluster,two_normal_mix,logistic,1.0,0.2,iid,0.15,equal,complete,none,0.0,293103,CLUSTERED,1.338130540676689,6.101694915254237,4.702434631398885,4.440892098500626e-16,4.702434631398885,0.13260088006006313,2.0,0.06466736472885591,0.4117606275549329,1.0,0.0,3.3490668361243696e-16,0.32203389830508466,0.16915675377945186,3.2188758248682006,4.0943445622221,1.0,5.0,5.507088159892258
development-base-38,base,25,60,two_cluster,two_normal_mix,logistic,1.0,0.5,iid,0.15,equal,complete,none,0.0,301022,CLUSTERED,1.206727948452731,4.915254237288135,4.513759793677026,4.440892098500626e-16,4.513759793677026,0.1140797586091945,2.0,0.036981960474159734,0.2804460732476032,1.0,0.0,3.8927958409465837e-16,0.4067796610169491,-0.07139420948931399,3.2188758248682006,4.0943445622221,1.0,5.0,4.620315336697565
development-base-39,base,25,120,two_cluster,two_normal_mix,step,1.0,0.2,iid,0.15,equal,complete,none,0.0,308941,CLUSTERED,1.2557448045177177,5.966386554621849,4.915178226268345,0.0,4.915178226268345,0.12552540522469977,2.0,0.051539411892699165,0.19916697628985697,1.0,0.0,0.0,0.6302521008403361,0.13668827800873432,3.2188758248682006,4.787491742782046,1.0,5.0,6.741483424039722
development-base-40,base,25,120,two_cluster,two_normal_mix,step,1.0,0.5,iid,0.15,equal,complete,none,0.0,316860,CLUSTERED,1.343188097052085,4.11764705882353,4.948367951976618,0.0,4.948367951976618,0.13456046187969986,2.0,0.05917737158374421,0.44479708232456344,1.0,0.0,0.0,0.3025210084033613,-0.10142472758229844,3.2188758248682006,4.787491742782046,1.0,5.0,6.654934363976352
development-base-41,base,25,120,two_cluster,two_normal_mix,logistic,1.0,0.2,iid,0.15,equal,complete,none,0.0,324779,CLUSTERED,1.1790320565944274,4.537815126050421,4.734699289099025,0.0,4.734699289099025,0.11747213887035546,2.0,0.04781596501925676,0.1471493107954979,1.0,0.0,0.0,0.7983193277310925,-0.0751768923579747,3.2188758248682006,4.787491742782046,1.0,5.0,5.456006160564706
development-base-42,base,25,120,two_cluster,two_normal_mix,logistic,1.0,0.5,iid,0.15,equal,complete,none,0.0,332698,CLUSTERED,1.371956780595432,4.873949579831933,4.354800056066218,0.0,4.354800056066218,0.14241791102191487,2.0,0.04762665475793167,0.1993850754306808,1.0,0.0,0.0,0.7142857142857143,-0.028029369885782886,3.2188758248682006,4.787491742782046,1.0,5.0,4.494443189979618
development-base-43,base,60,60,two_cluster,two_normal_mix,step,1.0,0.2,iid,0.15,equal,complete,none,0.0,340617,CLUSTERED,1.3107460307561802,4.23728813559322,4.066867377346358,0.0,4.066867377346358,0.13213697689626178,2.0,0.04898725783946139,0.43311564649330253,1.0,0.0,0.0,0.30508474576271183,-0.016303318711062706,4.0943445622221,4.0943445622221,1.0,5.0,6.772311044726379
development-base-44,base,60,60,two_cluster,two_normal_mix,step,1.0,0.5,iid,0.15,equal,complete,none,0.0,348536,CLUSTERED,1.3296558142142005,4.067796610169491,4.356860343991799,2.220446049250313e-16,4.356860343991799,0.1337381936231826,2.0,0.04149830258307812,0.39452767118838866,1.0,0.0,1.6602931362349536e-16,0.33898305084745767,-0.07856850465721263,4.0943445622221,4.0943445622221,1.0,5.0,6.771155209305752
development-base-45,base,60,60,two_cluster,two_normal_mix,logistic,1.0,0.5,iid,0.15,equal,complete,none,0.0,356455,CLUSTERED,1.2364925508816578,4.915254237288135,4.678380748467961,4.440892098500626e-16,4.678380748467961,0.12330888675935694,2.0,0.0386380552105474,0.1254349020483114,1.0,0.0,3.601437183653466e-16,0.9830508474576269,-0.05613432483995012,4.0943445622221,4.0943445622221,1.0,5.0,4.706848891778931
development-base-46,base,60,120,two_cluster,two_normal_mix,step,1.0,0.2,iid,0.15,equal,complete,none,0.0,364374,CLUSTERED,1.3257066755658262,3.8655462184873954,4.300241966440496,0.0,4.300241966440496,0.1324536098412368,2.0,0.05891776173802851,0.4041533223360814,1.0,0.0,0.0,0.32773109243697485,-0.06609717113513579,4.0943445622221,4.787491742782046,1.0,5.0,6.815445810616162
development-base-47,base,60,120,two_cluster,two_normal_mix,step,1.0,0.5,iid,0.15,equal,complete,none,0.0,372293,CLUSTERED,1.346409632002885,6.050420168067228,4.67931520183626,0.0,4.67931520183626,0.13432562753410116,2.0,0.04169851212120386,0.22201041217441717,1.0,0.0,0.0,0.6050420168067228,0.12474465874540422,4.0943445622221,4.787491742782046,1.0,5.0,6.660651333917854
development-base-48,base,60,120,two_cluster,two_normal_mix,logistic,1.0,0.2,iid,0.15,equal,complete,none,0.0,380212,CLUSTERED,1.367624141906985,5.546218487394959,4.174372004399886,0.0,4.174372004399886,0.1375954016908052,2.0,0.03847246011952281,0.29770641456737845,1.0,0.0,0.0,0.46218487394957997,0.016560307422194033,4.0943445622221,4.787491742782046,1.0,5.0,5.570841030812385
development-base-49,base,60,120,two_cluster,two_normal_mix,logistic,1.0,0.5,iid,0.15,equal,complete,none,0.0,388131,CLUSTERED,1.3169913714669643,5.46218487394958,4.5023492268629495,0.0,4.5023492268629495,0.1296869610844012,2.0,0.042498568612635595,0.1794505624307412,1.0,0.0,0.0,0.722689075630252,0.09746284122190886,4.0943445622221,4.787491742782046,1.0,5.0,4.731095132284777
development-base-50,base,25,60,no_transition,degenerate,step,1.0,0.2,iid,0.15,equal,complete,none,0.0,396050,NO_TRANSITION,0.0,9.491525423728813,0.8651472318597544,2.8045598361861765,0.8651472318597544,0.22545915358203367,2.0,0.01790895906773033,0.4332810229108362,0.0,0.0,0.7793830811563563,0.8305084745762711,0.6990603392778503,3.2188758248682006,4.0943445622221,1.0,5.0,0.7905213115386902
development-base-51,base,25,60,no_transition,degenerate,logistic,1.0,0.2,iid,0.15,equal,complete,none,0.0,403969,NO_TRANSITION,0.0,4.067796610169491,0.4154529107086046,2.330184877379758,0.4154529107086046,0.19572536146732952,2.0,0.012116494048022923,0.3043123933546085,0.0,0.0,0.7657213206773492,1.0,-0.3999953701393795,3.2188758248682006,4.0943445622221,1.0,5.0,0.6496680827413586
development-base-52,base,25,120,no_transition,degenerate,step,1.0,0.2,iid,0.15,equal,complete,none,0.0,411888,NO_TRANSITION,0.0,4.201680672268908,-0.3507577860442998,2.453436144683004,-0.3507577860442998,0.19292009371535487,2.0,0.010242671052128978,0.36059125523357943,0.0,0.0,0.7860846312444714,0.8655462184873951,-0.03260216500124733,3.2188758248682006,4.787491742782046,1.0,5.0,0.48467544856198685
development-base-53,base,25,120,no_transition,degenerate,step,1.0,0.5,iid,0.15,equal,complete,none,0.0,419807,NO_TRANSITION,0.0,6.9747899159663875,0.28302076038927343,2.374748880089352,0.28302076038927343,0.24924432078889866,2.0,0.017632689475065102,0.3864840003421487,0.0,0.0,0.6898064770883032,0.8907563025210085,-0.053304120265988124,3.2188758248682006,4.787491742782046,1.0,5.0,0.60276710688722
development-base-54,base,25,120,no_transition,degenerate,logistic,1.0,0.2,iid,0.15,equal,complete,none,0.0,427726,NO_TRANSITION,0.0,1.9327731092436977,0.3390010687949343,2.4181977273519255,0.3390010687949343,0.2242366394576251,2.0,0.016092889949550496,0.3885598625534679,0.0,0.0,0.7332624734411777,0.8487394957983193,0.35570106211805275,3.2188758248682006,4.787491742782046,1.0,5.0,0.5309928764280073
development-base-55,base,25,120,no_transition,degenerate,logistic,1.0,0.5,iid,0.15,equal,complete,none,0.0,435645,NO_TRANSITION,0.0,9.663865546218489,-0.8183469075395661,2.7165092227301875,-0.8183469075395661,0.2411691504759752,2.0,0.018018681757331834,0.4002571190083599,0.0,0.0,0.7478169845057457,0.9075630252100841,-0.03182420766264672,3.2188758248682006,4.787491742782046,1.0,5.0,0.6173001408323133
development-base-56,base,60,60,no_transition,degenerate,step,1.0,0.5,iid,0.15,equal,complete,none,0.0,443564,NO_TRANSITION,0.0,9.661016949152541,1.106443883131308,2.4995403144191037,1.106443883131308,0.21595800461059628,2.0,0.015559297365043722,0.3419157769831354,0.0,0.0,0.7566902896890022,0.9661016949152541,0.22803953249883957,4.0943445622221,4.0943445622221,1.0,5.0,0.6729278314259439
development-base-57,base,60,60,no_transition,degenerate,logistic,1.0,0.2,iid,0.15,equal,complete,none,0.0,451483,NO_TRANSITION,0.0,2.2033898305084745,-0.8571328446451447,2.4445860232490233,-0.8571328446451447,0.20120600205360256,2.0,0.013513619434426204,0.9340086842327658,0.016666666666666666,0.0,0.7721051089057563,0.3389830508474576,0.16832076820959854,4.0943445622221,4.0943445622221,1.0,5.0,0.7050449953914242
development-base-58,base,60,120,no_transition,degenerate,step,1.0,0.5,iid,0.15,equal,complete,none,0.0,459402,NO_TRANSITION,0.0,6.722689075630253,0.3248178212368197,2.688805631414918,0.3248178212368197,0.24448985105478388,2.0,0.017820662128152094,0.38271366422424385,0.016666666666666666,0.0,0.7398675136830004,0.9495798319327731,-0.008876924568480311,4.0943445622221,4.787491742782046,1.0,5.0,0.5640723177943087
development-base-59,base,60,120,no_transition,degenerate,logistic,1.0,0.2,iid,0.15,equal,complete,none,0.0,467321,NO_TRANSITION,0.0,9.57983193277311,-0.6996195734737574,2.8488957942608577,-0.6996195734737574,0.2359744902846223,2.0,0.01803219296992206,0.4076048202966143,0.016666666666666666,0.0,0.7701236468094224,0.907563025210084,0.192671112674765,4.0943445622221,4.787491742782046,1.0,5.0,0.5918975641669193
